mes,vitimas,vitimas_sexo_feminino
2015-01,47,47
2015-02,47,47
2015-03,31,31
2015-04,29,29
2015-05,33,33
2015-06,40,40
2015-07,39,38
2015-08,62,59
2015-09,45,44
2015-10,55,55
2015-11,65,64
2015-12,49,47
2016-01,73,70
2016-02,70,68
2016-03,74,74
2016-04,73,69
2016-05,54,52
2016-06,65,62
2016-07,54,54
2016-08,69,66
2016-09,67,65
2016-10,62,58
2016-11,76,75
2016-12,72,67
2017-01,90,89
2017-02,85,83
2017-03,81,79
2017-04,91,89
2017-05,68,67
2017-06,84,80
2017-07,85,84
2017-08,90,87
2017-09,96,95
2017-10,94,93
2017-11,92,90
2017-12,92,89
2018-01,98,94
2018-02,75,74
2018-03,89,88
2018-04,90,89
2018-05,102,102
2018-06,93,93
2018-07,98,98
2018-08,88,88
2018-09,125,124
2018-10,112,112
2018-11,96,96
2018-12,110,109
2019-01,105,104
2019-02,84,82
2019-03,104,103
2019-04,123,122
2019-05,120,120
2019-06,94,94
2019-07,108,107
2019-08,97,97
2019-09,129,128
2019-10,126,126
2019-11,120,119
2019-12,121,120
2020-01,98,97
2020-02,124,123
2020-03,125,125
2020-04,126,125
2020-05,99,98
2020-06,96,94
2020-07,104,104
2020-08,95,94
2020-09,118,116
2020-10,102,100
2020-11,126,126
2020-12,133,133
2021-01,134,134
2021-02,89,89
2021-03,113,113
2021-04,119,118
2021-05,122,122
2021-06,113,112
2021-07,93,93
2021-08,133,130
2021-09,110,109
2021-10,136,136
2021-11,105,104
2021-12,99,98
2022-01,147,144
2022-02,113,113
2022-03,112,112
2022-04,123,121
2022-05,122,121
2022-06,103,103
2022-07,133,132
2022-08,126,126
2022-09,95,94
2022-10,128,128
2022-11,116,114
2022-12,138,138
2023-01,123,122
2023-02,120,120
2023-03,110,109
2023-04,118,117
2023-05,140,139
2023-06,117,115
2023-07,107,107
2023-08,133,133
2023-09,142,142
2023-10,101,99
2023-11,131,131
2023-12,136,134
2024-01,145,142
2024-02,118,118
2024-03,121,120
2024-04,119,119
2024-05,120,119
2024-06,107,105
2024-07,110,110
2024-08,97,97
2024-09,140,140
2024-10,112,112
2024-11,158,158
2024-12,154,154
2025-01,125,125
2025-02,131,130
2025-03,118,118
2025-04,143,143
2025-05,124,123
2025-06,127,127
2025-07,115,114
2025-08,126,123
2025-09,124,121
2025-10,141,141
2025-11,142,141
2025-12,162,160
2026-01,144,143
2026-02,127,122
2026-03,137,136
2026-04,111,108
2026-05,116,116
2026-06,110,109
2026-07,105,103
2026-08,133,132
