indicador,serie,ano,periodo_ref,valor_csv,valor_checagem,diferenca,resultado,fonte_checagem,como_conferir,pendencia
Feminicídios (registros policiais),Brasil,2024,jan–dez/2024,1501,,,MANUAL,sem checagem automática,Planilha bancovde-<ano>.xlsx do MJSP: filtrar evento 'Feminicídio' e somar total_vitima (ou dados/derivados/sinesp_feminicidio_mensal.csv),"Base atual dá 1.501; o MJSP divulgou 1.464 no início de 2025 e o Anuário do FBSP, 1.492. Diferença atribuída a envios atrasados dos estados."
Feminicídios (registros policiais),Brasil,2025,jan–dez/2025,1578,,,MANUAL,sem checagem automática,Planilha bancovde-<ano>.xlsx do MJSP: filtrar evento 'Feminicídio' e somar total_vitima (ou dados/derivados/sinesp_feminicidio_mensal.csv),Base atual dá 1.578 (preliminar); divulgações de 2026 variaram de 1.470 a 1.568 conforme a data. Conferir a data de atualização da base.
Taxa de homicídios registrados,Brasil,2024,jan–dez/2024,20.03,,,MANUAL,sem checagem automática,"Atlas da Violência, série 20: https://www.ipea.gov.br/atlasviolencia/dados-series/20","API do Atlas dá 20,03; notícia oficial do Atlas 2026 dá 20,1. Conferir a taxa e a população usada no relatório Atlas 2026."
Feminicídios (registros policiais),Brasil,2015,jan–dez/2015,542,,,MANUAL,sem checagem automática,Planilha bancovde-<ano>.xlsx do MJSP: filtrar evento 'Feminicídio' e somar total_vitima (ou dados/derivados/sinesp_feminicidio_mensal.csv),
Feminicídios (registros policiais),Brasil,2016,jan–dez/2016,809,,,MANUAL,sem checagem automática,Planilha bancovde-<ano>.xlsx do MJSP: filtrar evento 'Feminicídio' e somar total_vitima (ou dados/derivados/sinesp_feminicidio_mensal.csv),
Feminicídios (registros policiais),Brasil,2017,jan–dez/2017,1048,,,MANUAL,sem checagem automática,Planilha bancovde-<ano>.xlsx do MJSP: filtrar evento 'Feminicídio' e somar total_vitima (ou dados/derivados/sinesp_feminicidio_mensal.csv),
Feminicídios (registros policiais),Brasil,2018,jan–dez/2018,1176,,,MANUAL,sem checagem automática,Planilha bancovde-<ano>.xlsx do MJSP: filtrar evento 'Feminicídio' e somar total_vitima (ou dados/derivados/sinesp_feminicidio_mensal.csv),
Feminicídios (registros policiais),Brasil,2019,jan–dez/2019,1331,,,MANUAL,sem checagem automática,Planilha bancovde-<ano>.xlsx do MJSP: filtrar evento 'Feminicídio' e somar total_vitima (ou dados/derivados/sinesp_feminicidio_mensal.csv),
Feminicídios (registros policiais),Brasil,2020,jan–dez/2020,1346,,,MANUAL,sem checagem automática,Planilha bancovde-<ano>.xlsx do MJSP: filtrar evento 'Feminicídio' e somar total_vitima (ou dados/derivados/sinesp_feminicidio_mensal.csv),
Feminicídios (registros policiais),Brasil,2021,jan–dez/2021,1366,,,MANUAL,sem checagem automática,Planilha bancovde-<ano>.xlsx do MJSP: filtrar evento 'Feminicídio' e somar total_vitima (ou dados/derivados/sinesp_feminicidio_mensal.csv),
Feminicídios (registros policiais),Brasil,2022,jan–dez/2022,1456,,,MANUAL,sem checagem automática,Planilha bancovde-<ano>.xlsx do MJSP: filtrar evento 'Feminicídio' e somar total_vitima (ou dados/derivados/sinesp_feminicidio_mensal.csv),
Feminicídios (registros policiais),Brasil,2023,jan–dez/2023,1478,,,MANUAL,sem checagem automática,Planilha bancovde-<ano>.xlsx do MJSP: filtrar evento 'Feminicídio' e somar total_vitima (ou dados/derivados/sinesp_feminicidio_mensal.csv),
Homicídios de mulheres,Brasil,2024,jan–dez/2024,3642,,,MANUAL,sem checagem automática,"Atlas da Violência, série 40: https://www.ipea.gov.br/atlasviolencia/dados-series/40 (ou TabNet SIM, sexo feminino, X85-Y09 + Y35-Y36)",
Taxa de desmatamento PRODES,Amazônia Legal,2002,ago/2001–jul/2002 (ano PRODES 2002),21650,,,MANUAL,sem checagem automática,"Painel TerraBrasilis, tabela de taxas: https://terrabrasilis.dpi.inpe.br/app/dashboard/deforestation/biomes/legal_amazon/rates",
Taxa de desmatamento PRODES,Amazônia Legal,2003,ago/2002–jul/2003 (ano PRODES 2003),25396,,,MANUAL,sem checagem automática,"Painel TerraBrasilis, tabela de taxas: https://terrabrasilis.dpi.inpe.br/app/dashboard/deforestation/biomes/legal_amazon/rates",
Taxa de desmatamento PRODES,Amazônia Legal,2004,ago/2003–jul/2004 (ano PRODES 2004),27772,,,MANUAL,sem checagem automática,"Painel TerraBrasilis, tabela de taxas: https://terrabrasilis.dpi.inpe.br/app/dashboard/deforestation/biomes/legal_amazon/rates",
Taxa de desmatamento PRODES,Amazônia Legal,2005,ago/2004–jul/2005 (ano PRODES 2005),19014,,,MANUAL,sem checagem automática,"Painel TerraBrasilis, tabela de taxas: https://terrabrasilis.dpi.inpe.br/app/dashboard/deforestation/biomes/legal_amazon/rates",
Taxa de desmatamento PRODES,Amazônia Legal,2006,ago/2005–jul/2006 (ano PRODES 2006),14286,,,MANUAL,sem checagem automática,"Painel TerraBrasilis, tabela de taxas: https://terrabrasilis.dpi.inpe.br/app/dashboard/deforestation/biomes/legal_amazon/rates",
Taxa de desmatamento PRODES,Amazônia Legal,2007,ago/2006–jul/2007 (ano PRODES 2007),11651,,,MANUAL,sem checagem automática,"Painel TerraBrasilis, tabela de taxas: https://terrabrasilis.dpi.inpe.br/app/dashboard/deforestation/biomes/legal_amazon/rates",
Taxa de desmatamento PRODES,Amazônia Legal,2008,ago/2007–jul/2008 (ano PRODES 2008),12911,,,MANUAL,sem checagem automática,"Painel TerraBrasilis, tabela de taxas: https://terrabrasilis.dpi.inpe.br/app/dashboard/deforestation/biomes/legal_amazon/rates",
Taxa de desmatamento PRODES,Amazônia Legal,2009,ago/2008–jul/2009 (ano PRODES 2009),7464,,,MANUAL,sem checagem automática,"Painel TerraBrasilis, tabela de taxas: https://terrabrasilis.dpi.inpe.br/app/dashboard/deforestation/biomes/legal_amazon/rates",
Taxa de desmatamento PRODES,Amazônia Legal,2010,ago/2009–jul/2010 (ano PRODES 2010),7000,,,MANUAL,sem checagem automática,"Painel TerraBrasilis, tabela de taxas: https://terrabrasilis.dpi.inpe.br/app/dashboard/deforestation/biomes/legal_amazon/rates",
Taxa de desmatamento PRODES,Amazônia Legal,2011,ago/2010–jul/2011 (ano PRODES 2011),6418,,,MANUAL,sem checagem automática,"Painel TerraBrasilis, tabela de taxas: https://terrabrasilis.dpi.inpe.br/app/dashboard/deforestation/biomes/legal_amazon/rates",
Taxa de desmatamento PRODES,Amazônia Legal,2012,ago/2011–jul/2012 (ano PRODES 2012),4571,,,MANUAL,sem checagem automática,"Painel TerraBrasilis, tabela de taxas: https://terrabrasilis.dpi.inpe.br/app/dashboard/deforestation/biomes/legal_amazon/rates",
Taxa de desmatamento PRODES,Amazônia Legal,2013,ago/2012–jul/2013 (ano PRODES 2013),5891,,,MANUAL,sem checagem automática,"Painel TerraBrasilis, tabela de taxas: https://terrabrasilis.dpi.inpe.br/app/dashboard/deforestation/biomes/legal_amazon/rates",
Taxa de desmatamento PRODES,Amazônia Legal,2014,ago/2013–jul/2014 (ano PRODES 2014),5012,,,MANUAL,sem checagem automática,"Painel TerraBrasilis, tabela de taxas: https://terrabrasilis.dpi.inpe.br/app/dashboard/deforestation/biomes/legal_amazon/rates",
Taxa de desmatamento PRODES,Amazônia Legal,2015,ago/2014–jul/2015 (ano PRODES 2015),6207,,,MANUAL,sem checagem automática,"Painel TerraBrasilis, tabela de taxas: https://terrabrasilis.dpi.inpe.br/app/dashboard/deforestation/biomes/legal_amazon/rates",
Taxa de desmatamento PRODES,Amazônia Legal,2016,ago/2015–jul/2016 (ano PRODES 2016),7893,,,MANUAL,sem checagem automática,"Painel TerraBrasilis, tabela de taxas: https://terrabrasilis.dpi.inpe.br/app/dashboard/deforestation/biomes/legal_amazon/rates",
Taxa de desmatamento PRODES,Amazônia Legal,2017,ago/2016–jul/2017 (ano PRODES 2017),6947,,,MANUAL,sem checagem automática,"Painel TerraBrasilis, tabela de taxas: https://terrabrasilis.dpi.inpe.br/app/dashboard/deforestation/biomes/legal_amazon/rates",
Taxa de desmatamento PRODES,Amazônia Legal,2018,ago/2017–jul/2018 (ano PRODES 2018),7536,,,MANUAL,sem checagem automática,"Painel TerraBrasilis, tabela de taxas: https://terrabrasilis.dpi.inpe.br/app/dashboard/deforestation/biomes/legal_amazon/rates",
Taxa de desmatamento PRODES,Amazônia Legal,2019,ago/2018–jul/2019 (ano PRODES 2019),10129,,,MANUAL,sem checagem automática,"Painel TerraBrasilis, tabela de taxas: https://terrabrasilis.dpi.inpe.br/app/dashboard/deforestation/biomes/legal_amazon/rates",
Taxa de desmatamento PRODES,Amazônia Legal,2020,ago/2019–jul/2020 (ano PRODES 2020),10851,,,MANUAL,sem checagem automática,"Painel TerraBrasilis, tabela de taxas: https://terrabrasilis.dpi.inpe.br/app/dashboard/deforestation/biomes/legal_amazon/rates",
Taxa de desmatamento PRODES,Amazônia Legal,2021,ago/2020–jul/2021 (ano PRODES 2021),13038,,,MANUAL,sem checagem automática,"Painel TerraBrasilis, tabela de taxas: https://terrabrasilis.dpi.inpe.br/app/dashboard/deforestation/biomes/legal_amazon/rates",
Taxa de desmatamento PRODES,Amazônia Legal,2022,ago/2021–jul/2022 (ano PRODES 2022),11594,,,MANUAL,sem checagem automática,"Painel TerraBrasilis, tabela de taxas: https://terrabrasilis.dpi.inpe.br/app/dashboard/deforestation/biomes/legal_amazon/rates",
Taxa de desmatamento PRODES,Amazônia Legal,2023,ago/2022–jul/2023 (ano PRODES 2023),9064,,,MANUAL,sem checagem automática,"Painel TerraBrasilis, tabela de taxas: https://terrabrasilis.dpi.inpe.br/app/dashboard/deforestation/biomes/legal_amazon/rates",
Mortes por intervenção legal (agentes do Estado),Brasil,2003,jan–dez/2003,491,491,+0,OK,"TabNet SIM, Y35-Y36","TabNet SIM, causas externas, grande grupo Y35-Y36, óbitos por residência: http://tabnet.datasus.gov.br/cgi/deftohtm.exe?sim/cnv/ext10uf.def",Salto de 121 para 491 óbitos: confirmar a nota sobre provável mudança de registro.
Homicídios de mulheres,Brasil,2002,jan–dez/2002,3868,3868,+0,OK,"Atlas da Violência, série 40","Atlas da Violência, série 40: https://www.ipea.gov.br/atlasviolencia/dados-series/40 (ou TabNet SIM, sexo feminino, X85-Y09 + Y35-Y36)",
Homicídios de mulheres,Brasil,2003,jan–dez/2003,3941,3941,+0,OK,"Atlas da Violência, série 40","Atlas da Violência, série 40: https://www.ipea.gov.br/atlasviolencia/dados-series/40 (ou TabNet SIM, sexo feminino, X85-Y09 + Y35-Y36)",
Homicídios de mulheres,Brasil,2004,jan–dez/2004,3831,3831,+0,OK,"Atlas da Violência, série 40","Atlas da Violência, série 40: https://www.ipea.gov.br/atlasviolencia/dados-series/40 (ou TabNet SIM, sexo feminino, X85-Y09 + Y35-Y36)",
Homicídios de mulheres,Brasil,2005,jan–dez/2005,3887,3887,+0,OK,"Atlas da Violência, série 40","Atlas da Violência, série 40: https://www.ipea.gov.br/atlasviolencia/dados-series/40 (ou TabNet SIM, sexo feminino, X85-Y09 + Y35-Y36)",
Homicídios de mulheres,Brasil,2006,jan–dez/2006,4030,4030,+0,OK,"Atlas da Violência, série 40","Atlas da Violência, série 40: https://www.ipea.gov.br/atlasviolencia/dados-series/40 (ou TabNet SIM, sexo feminino, X85-Y09 + Y35-Y36)",
Homicídios de mulheres,Brasil,2007,jan–dez/2007,3778,3778,+0,OK,"Atlas da Violência, série 40","Atlas da Violência, série 40: https://www.ipea.gov.br/atlasviolencia/dados-series/40 (ou TabNet SIM, sexo feminino, X85-Y09 + Y35-Y36)",
Homicídios de mulheres,Brasil,2008,jan–dez/2008,4029,4029,+0,OK,"Atlas da Violência, série 40","Atlas da Violência, série 40: https://www.ipea.gov.br/atlasviolencia/dados-series/40 (ou TabNet SIM, sexo feminino, X85-Y09 + Y35-Y36)",
Homicídios de mulheres,Brasil,2009,jan–dez/2009,4265,4265,+0,OK,"Atlas da Violência, série 40","Atlas da Violência, série 40: https://www.ipea.gov.br/atlasviolencia/dados-series/40 (ou TabNet SIM, sexo feminino, X85-Y09 + Y35-Y36)",
Homicídios de mulheres,Brasil,2010,jan–dez/2010,4477,4477,+0,OK,"Atlas da Violência, série 40","Atlas da Violência, série 40: https://www.ipea.gov.br/atlasviolencia/dados-series/40 (ou TabNet SIM, sexo feminino, X85-Y09 + Y35-Y36)",
Homicídios de mulheres,Brasil,2011,jan–dez/2011,4522,4522,+0,OK,"Atlas da Violência, série 40","Atlas da Violência, série 40: https://www.ipea.gov.br/atlasviolencia/dados-series/40 (ou TabNet SIM, sexo feminino, X85-Y09 + Y35-Y36)",
Homicídios de mulheres,Brasil,2012,jan–dez/2012,4729,4729,+0,OK,"Atlas da Violência, série 40","Atlas da Violência, série 40: https://www.ipea.gov.br/atlasviolencia/dados-series/40 (ou TabNet SIM, sexo feminino, X85-Y09 + Y35-Y36)",
Homicídios de mulheres,Brasil,2013,jan–dez/2013,4769,4769,+0,OK,"Atlas da Violência, série 40","Atlas da Violência, série 40: https://www.ipea.gov.br/atlasviolencia/dados-series/40 (ou TabNet SIM, sexo feminino, X85-Y09 + Y35-Y36)",
Homicídios de mulheres,Brasil,2014,jan–dez/2014,4836,4836,+0,OK,"Atlas da Violência, série 40","Atlas da Violência, série 40: https://www.ipea.gov.br/atlasviolencia/dados-series/40 (ou TabNet SIM, sexo feminino, X85-Y09 + Y35-Y36)",
Homicídios de mulheres,Brasil,2015,jan–dez/2015,4621,4621,+0,OK,"Atlas da Violência, série 40","Atlas da Violência, série 40: https://www.ipea.gov.br/atlasviolencia/dados-series/40 (ou TabNet SIM, sexo feminino, X85-Y09 + Y35-Y36)",
Homicídios de mulheres,Brasil,2016,jan–dez/2016,4645,4645,+0,OK,"Atlas da Violência, série 40","Atlas da Violência, série 40: https://www.ipea.gov.br/atlasviolencia/dados-series/40 (ou TabNet SIM, sexo feminino, X85-Y09 + Y35-Y36)",
Homicídios de mulheres,Brasil,2017,jan–dez/2017,4936,4936,+0,OK,"Atlas da Violência, série 40","Atlas da Violência, série 40: https://www.ipea.gov.br/atlasviolencia/dados-series/40 (ou TabNet SIM, sexo feminino, X85-Y09 + Y35-Y36)",
Homicídios de mulheres,Brasil,2018,jan–dez/2018,4519,4519,+0,OK,"Atlas da Violência, série 40","Atlas da Violência, série 40: https://www.ipea.gov.br/atlasviolencia/dados-series/40 (ou TabNet SIM, sexo feminino, X85-Y09 + Y35-Y36)",
Homicídios de mulheres,Brasil,2019,jan–dez/2019,3737,3737,+0,OK,"Atlas da Violência, série 40","Atlas da Violência, série 40: https://www.ipea.gov.br/atlasviolencia/dados-series/40 (ou TabNet SIM, sexo feminino, X85-Y09 + Y35-Y36)",
Homicídios de mulheres,Brasil,2020,jan–dez/2020,3833,3833,+0,OK,"Atlas da Violência, série 40","Atlas da Violência, série 40: https://www.ipea.gov.br/atlasviolencia/dados-series/40 (ou TabNet SIM, sexo feminino, X85-Y09 + Y35-Y36)",
Homicídios de mulheres,Brasil,2021,jan–dez/2021,3858,3858,+0,OK,"Atlas da Violência, série 40","Atlas da Violência, série 40: https://www.ipea.gov.br/atlasviolencia/dados-series/40 (ou TabNet SIM, sexo feminino, X85-Y09 + Y35-Y36)",
Homicídios de mulheres,Brasil,2022,jan–dez/2022,3806,3806,+0,OK,"Atlas da Violência, série 40","Atlas da Violência, série 40: https://www.ipea.gov.br/atlasviolencia/dados-series/40 (ou TabNet SIM, sexo feminino, X85-Y09 + Y35-Y36)",
Homicídios de mulheres,Brasil,2023,jan–dez/2023,3903,3903,+0,OK,"Atlas da Violência, série 40","Atlas da Violência, série 40: https://www.ipea.gov.br/atlasviolencia/dados-series/40 (ou TabNet SIM, sexo feminino, X85-Y09 + Y35-Y36)",
Inflação (IPCA) acumulada no ano,Brasil,2002,jan–dez/2002,12.53,12.53,+0,OK,apisidra 1737 v69 (dezembro),"SIDRA 1737, variável 'acumulada no ano', mês dezembro: https://sidra.ibge.gov.br/tabela/1737",
Inflação (IPCA) acumulada no ano,Brasil,2003,jan–dez/2003,9.30,9.3,+0,OK,apisidra 1737 v69 (dezembro),"SIDRA 1737, variável 'acumulada no ano', mês dezembro: https://sidra.ibge.gov.br/tabela/1737",
Inflação (IPCA) acumulada no ano,Brasil,2004,jan–dez/2004,7.60,7.6,+0,OK,apisidra 1737 v69 (dezembro),"SIDRA 1737, variável 'acumulada no ano', mês dezembro: https://sidra.ibge.gov.br/tabela/1737",
Inflação (IPCA) acumulada no ano,Brasil,2005,jan–dez/2005,5.69,5.69,+0,OK,apisidra 1737 v69 (dezembro),"SIDRA 1737, variável 'acumulada no ano', mês dezembro: https://sidra.ibge.gov.br/tabela/1737",
Inflação (IPCA) acumulada no ano,Brasil,2006,jan–dez/2006,3.14,3.14,+0,OK,apisidra 1737 v69 (dezembro),"SIDRA 1737, variável 'acumulada no ano', mês dezembro: https://sidra.ibge.gov.br/tabela/1737",
Inflação (IPCA) acumulada no ano,Brasil,2007,jan–dez/2007,4.46,4.46,+0,OK,apisidra 1737 v69 (dezembro),"SIDRA 1737, variável 'acumulada no ano', mês dezembro: https://sidra.ibge.gov.br/tabela/1737",
Inflação (IPCA) acumulada no ano,Brasil,2008,jan–dez/2008,5.90,5.9,+0,OK,apisidra 1737 v69 (dezembro),"SIDRA 1737, variável 'acumulada no ano', mês dezembro: https://sidra.ibge.gov.br/tabela/1737",
Inflação (IPCA) acumulada no ano,Brasil,2009,jan–dez/2009,4.31,4.31,+0,OK,apisidra 1737 v69 (dezembro),"SIDRA 1737, variável 'acumulada no ano', mês dezembro: https://sidra.ibge.gov.br/tabela/1737",
Inflação (IPCA) acumulada no ano,Brasil,2010,jan–dez/2010,5.91,5.91,+0,OK,apisidra 1737 v69 (dezembro),"SIDRA 1737, variável 'acumulada no ano', mês dezembro: https://sidra.ibge.gov.br/tabela/1737",
Inflação (IPCA) acumulada no ano,Brasil,2011,jan–dez/2011,6.50,6.5,+0,OK,apisidra 1737 v69 (dezembro),"SIDRA 1737, variável 'acumulada no ano', mês dezembro: https://sidra.ibge.gov.br/tabela/1737",
Inflação (IPCA) acumulada no ano,Brasil,2012,jan–dez/2012,5.84,5.84,+0,OK,apisidra 1737 v69 (dezembro),"SIDRA 1737, variável 'acumulada no ano', mês dezembro: https://sidra.ibge.gov.br/tabela/1737",
Inflação (IPCA) acumulada no ano,Brasil,2013,jan–dez/2013,5.91,5.91,+0,OK,apisidra 1737 v69 (dezembro),"SIDRA 1737, variável 'acumulada no ano', mês dezembro: https://sidra.ibge.gov.br/tabela/1737",
Inflação (IPCA) acumulada no ano,Brasil,2014,jan–dez/2014,6.41,6.41,+0,OK,apisidra 1737 v69 (dezembro),"SIDRA 1737, variável 'acumulada no ano', mês dezembro: https://sidra.ibge.gov.br/tabela/1737",
Inflação (IPCA) acumulada no ano,Brasil,2015,jan–dez/2015,10.67,10.67,+0,OK,apisidra 1737 v69 (dezembro),"SIDRA 1737, variável 'acumulada no ano', mês dezembro: https://sidra.ibge.gov.br/tabela/1737",
Inflação (IPCA) acumulada no ano,Brasil,2016,jan–dez/2016,6.29,6.29,+0,OK,apisidra 1737 v69 (dezembro),"SIDRA 1737, variável 'acumulada no ano', mês dezembro: https://sidra.ibge.gov.br/tabela/1737",
Inflação (IPCA) acumulada no ano,Brasil,2017,jan–dez/2017,2.95,2.95,+0,OK,apisidra 1737 v69 (dezembro),"SIDRA 1737, variável 'acumulada no ano', mês dezembro: https://sidra.ibge.gov.br/tabela/1737",
Inflação (IPCA) acumulada no ano,Brasil,2018,jan–dez/2018,3.75,3.75,+0,OK,apisidra 1737 v69 (dezembro),"SIDRA 1737, variável 'acumulada no ano', mês dezembro: https://sidra.ibge.gov.br/tabela/1737",
Inflação (IPCA) acumulada no ano,Brasil,2019,jan–dez/2019,4.31,4.31,+0,OK,apisidra 1737 v69 (dezembro),"SIDRA 1737, variável 'acumulada no ano', mês dezembro: https://sidra.ibge.gov.br/tabela/1737",
Inflação (IPCA) acumulada no ano,Brasil,2020,jan–dez/2020,4.52,4.52,+0,OK,apisidra 1737 v69 (dezembro),"SIDRA 1737, variável 'acumulada no ano', mês dezembro: https://sidra.ibge.gov.br/tabela/1737",
Inflação (IPCA) acumulada no ano,Brasil,2021,jan–dez/2021,10.06,10.06,+0,OK,apisidra 1737 v69 (dezembro),"SIDRA 1737, variável 'acumulada no ano', mês dezembro: https://sidra.ibge.gov.br/tabela/1737",
Inflação (IPCA) acumulada no ano,Brasil,2022,jan–dez/2022,5.79,5.79,+0,OK,apisidra 1737 v69 (dezembro),"SIDRA 1737, variável 'acumulada no ano', mês dezembro: https://sidra.ibge.gov.br/tabela/1737",
Inflação (IPCA) acumulada no ano,Brasil,2023,jan–dez/2023,4.62,4.62,+0,OK,apisidra 1737 v69 (dezembro),"SIDRA 1737, variável 'acumulada no ano', mês dezembro: https://sidra.ibge.gov.br/tabela/1737",
Inflação (IPCA) acumulada no ano,Brasil,2024,jan–dez/2024,4.83,4.83,+0,OK,apisidra 1737 v69 (dezembro),"SIDRA 1737, variável 'acumulada no ano', mês dezembro: https://sidra.ibge.gov.br/tabela/1737",
Inflação (IPCA) acumulada no ano,Brasil,2025,jan–dez/2025,4.26,4.26,+0,OK,apisidra 1737 v69 (dezembro),"SIDRA 1737, variável 'acumulada no ano', mês dezembro: https://sidra.ibge.gov.br/tabela/1737",
Mortes por intervenção legal (agentes do Estado),Brasil,2002,jan–dez/2002,121,121,+0,OK,"TabNet SIM, Y35-Y36","TabNet SIM, causas externas, grande grupo Y35-Y36, óbitos por residência: http://tabnet.datasus.gov.br/cgi/deftohtm.exe?sim/cnv/ext10uf.def",
Mortes por intervenção legal (agentes do Estado),Brasil,2004,jan–dez/2004,535,535,+0,OK,"TabNet SIM, Y35-Y36","TabNet SIM, causas externas, grande grupo Y35-Y36, óbitos por residência: http://tabnet.datasus.gov.br/cgi/deftohtm.exe?sim/cnv/ext10uf.def",
Mortes por intervenção legal (agentes do Estado),Brasil,2005,jan–dez/2005,558,558,+0,OK,"TabNet SIM, Y35-Y36","TabNet SIM, causas externas, grande grupo Y35-Y36, óbitos por residência: http://tabnet.datasus.gov.br/cgi/deftohtm.exe?sim/cnv/ext10uf.def",
Mortes por intervenção legal (agentes do Estado),Brasil,2006,jan–dez/2006,559,559,+0,OK,"TabNet SIM, Y35-Y36","TabNet SIM, causas externas, grande grupo Y35-Y36, óbitos por residência: http://tabnet.datasus.gov.br/cgi/deftohtm.exe?sim/cnv/ext10uf.def",
Mortes por intervenção legal (agentes do Estado),Brasil,2007,jan–dez/2007,512,512,+0,OK,"TabNet SIM, Y35-Y36","TabNet SIM, causas externas, grande grupo Y35-Y36, óbitos por residência: http://tabnet.datasus.gov.br/cgi/deftohtm.exe?sim/cnv/ext10uf.def",
Mortes por intervenção legal (agentes do Estado),Brasil,2008,jan–dez/2008,546,546,+0,OK,"TabNet SIM, Y35-Y36","TabNet SIM, causas externas, grande grupo Y35-Y36, óbitos por residência: http://tabnet.datasus.gov.br/cgi/deftohtm.exe?sim/cnv/ext10uf.def",
Mortes por intervenção legal (agentes do Estado),Brasil,2009,jan–dez/2009,609,609,+0,OK,"TabNet SIM, Y35-Y36","TabNet SIM, causas externas, grande grupo Y35-Y36, óbitos por residência: http://tabnet.datasus.gov.br/cgi/deftohtm.exe?sim/cnv/ext10uf.def",
Mortes por intervenção legal (agentes do Estado),Brasil,2010,jan–dez/2010,756,756,+0,OK,"TabNet SIM, Y35-Y36","TabNet SIM, causas externas, grande grupo Y35-Y36, óbitos por residência: http://tabnet.datasus.gov.br/cgi/deftohtm.exe?sim/cnv/ext10uf.def",
Mortes por intervenção legal (agentes do Estado),Brasil,2011,jan–dez/2011,609,609,+0,OK,"TabNet SIM, Y35-Y36","TabNet SIM, causas externas, grande grupo Y35-Y36, óbitos por residência: http://tabnet.datasus.gov.br/cgi/deftohtm.exe?sim/cnv/ext10uf.def",
Mortes por intervenção legal (agentes do Estado),Brasil,2012,jan–dez/2012,708,708,+0,OK,"TabNet SIM, Y35-Y36","TabNet SIM, causas externas, grande grupo Y35-Y36, óbitos por residência: http://tabnet.datasus.gov.br/cgi/deftohtm.exe?sim/cnv/ext10uf.def",
Mortes por intervenção legal (agentes do Estado),Brasil,2013,jan–dez/2013,592,592,+0,OK,"TabNet SIM, Y35-Y36","TabNet SIM, causas externas, grande grupo Y35-Y36, óbitos por residência: http://tabnet.datasus.gov.br/cgi/deftohtm.exe?sim/cnv/ext10uf.def",
Mortes por intervenção legal (agentes do Estado),Brasil,2014,jan–dez/2014,793,793,+0,OK,"TabNet SIM, Y35-Y36","TabNet SIM, causas externas, grande grupo Y35-Y36, óbitos por residência: http://tabnet.datasus.gov.br/cgi/deftohtm.exe?sim/cnv/ext10uf.def",
Mortes por intervenção legal (agentes do Estado),Brasil,2015,jan–dez/2015,942,942,+0,OK,"TabNet SIM, Y35-Y36","TabNet SIM, causas externas, grande grupo Y35-Y36, óbitos por residência: http://tabnet.datasus.gov.br/cgi/deftohtm.exe?sim/cnv/ext10uf.def",
Mortes por intervenção legal (agentes do Estado),Brasil,2016,jan–dez/2016,1374,1374,+0,OK,"TabNet SIM, Y35-Y36","TabNet SIM, causas externas, grande grupo Y35-Y36, óbitos por residência: http://tabnet.datasus.gov.br/cgi/deftohtm.exe?sim/cnv/ext10uf.def",
Mortes por intervenção legal (agentes do Estado),Brasil,2017,jan–dez/2017,1854,1854,+0,OK,"TabNet SIM, Y35-Y36","TabNet SIM, causas externas, grande grupo Y35-Y36, óbitos por residência: http://tabnet.datasus.gov.br/cgi/deftohtm.exe?sim/cnv/ext10uf.def",
Mortes por intervenção legal (agentes do Estado),Brasil,2018,jan–dez/2018,2042,2042,+0,OK,"TabNet SIM, Y35-Y36","TabNet SIM, causas externas, grande grupo Y35-Y36, óbitos por residência: http://tabnet.datasus.gov.br/cgi/deftohtm.exe?sim/cnv/ext10uf.def",
Mortes por intervenção legal (agentes do Estado),Brasil,2019,jan–dez/2019,1470,1470,+0,OK,"TabNet SIM, Y35-Y36","TabNet SIM, causas externas, grande grupo Y35-Y36, óbitos por residência: http://tabnet.datasus.gov.br/cgi/deftohtm.exe?sim/cnv/ext10uf.def",
Mortes por intervenção legal (agentes do Estado),Brasil,2020,jan–dez/2020,2188,2188,+0,OK,"TabNet SIM, Y35-Y36","TabNet SIM, causas externas, grande grupo Y35-Y36, óbitos por residência: http://tabnet.datasus.gov.br/cgi/deftohtm.exe?sim/cnv/ext10uf.def",
Mortes por intervenção legal (agentes do Estado),Brasil,2021,jan–dez/2021,2285,2285,+0,OK,"TabNet SIM, Y35-Y36","TabNet SIM, causas externas, grande grupo Y35-Y36, óbitos por residência: http://tabnet.datasus.gov.br/cgi/deftohtm.exe?sim/cnv/ext10uf.def",
Mortes por intervenção legal (agentes do Estado),Brasil,2022,jan–dez/2022,2042,2042,+0,OK,"TabNet SIM, Y35-Y36","TabNet SIM, causas externas, grande grupo Y35-Y36, óbitos por residência: http://tabnet.datasus.gov.br/cgi/deftohtm.exe?sim/cnv/ext10uf.def",
Mortes por intervenção legal (agentes do Estado),Brasil,2023,jan–dez/2023,2304,2304,+0,OK,"TabNet SIM, Y35-Y36","TabNet SIM, causas externas, grande grupo Y35-Y36, óbitos por residência: http://tabnet.datasus.gov.br/cgi/deftohtm.exe?sim/cnv/ext10uf.def",
Mortes por intervenção legal (agentes do Estado),Brasil,2024,jan–dez/2024,2644,2644,+0,OK,"TabNet SIM, Y35-Y36","TabNet SIM, causas externas, grande grupo Y35-Y36, óbitos por residência: http://tabnet.datasus.gov.br/cgi/deftohtm.exe?sim/cnv/ext10uf.def",
Mortes por intervenção legal: parcela dos homicídios,Brasil,2002,jan–dez/2002,0.24,0.24,+0,OK,TabNet SIM: Y35-Y36 ÷ (X85-Y09 + Y35-Y36),Recalcular: Y35-Y36 ÷ (X85-Y09 + Y35-Y36) × 100 no TabNet SIM,
Mortes por intervenção legal: parcela dos homicídios,Brasil,2003,jan–dez/2003,0.95,0.95,+0,OK,TabNet SIM: Y35-Y36 ÷ (X85-Y09 + Y35-Y36),Recalcular: Y35-Y36 ÷ (X85-Y09 + Y35-Y36) × 100 no TabNet SIM,
Mortes por intervenção legal: parcela dos homicídios,Brasil,2004,jan–dez/2004,1.09,1.09,+0,OK,TabNet SIM: Y35-Y36 ÷ (X85-Y09 + Y35-Y36),Recalcular: Y35-Y36 ÷ (X85-Y09 + Y35-Y36) × 100 no TabNet SIM,
Mortes por intervenção legal: parcela dos homicídios,Brasil,2005,jan–dez/2005,1.16,1.16,+0,OK,TabNet SIM: Y35-Y36 ÷ (X85-Y09 + Y35-Y36),Recalcular: Y35-Y36 ÷ (X85-Y09 + Y35-Y36) × 100 no TabNet SIM,
Mortes por intervenção legal: parcela dos homicídios,Brasil,2006,jan–dez/2006,1.12,1.12,+0,OK,TabNet SIM: Y35-Y36 ÷ (X85-Y09 + Y35-Y36),Recalcular: Y35-Y36 ÷ (X85-Y09 + Y35-Y36) × 100 no TabNet SIM,
Mortes por intervenção legal: parcela dos homicídios,Brasil,2007,jan–dez/2007,1.06,1.06,+0,OK,TabNet SIM: Y35-Y36 ÷ (X85-Y09 + Y35-Y36),Recalcular: Y35-Y36 ÷ (X85-Y09 + Y35-Y36) × 100 no TabNet SIM,
Mortes por intervenção legal: parcela dos homicídios,Brasil,2008,jan–dez/2008,1.08,1.08,+0,OK,TabNet SIM: Y35-Y36 ÷ (X85-Y09 + Y35-Y36),Recalcular: Y35-Y36 ÷ (X85-Y09 + Y35-Y36) × 100 no TabNet SIM,
Mortes por intervenção legal: parcela dos homicídios,Brasil,2009,jan–dez/2009,1.17,1.17,+0,OK,TabNet SIM: Y35-Y36 ÷ (X85-Y09 + Y35-Y36),Recalcular: Y35-Y36 ÷ (X85-Y09 + Y35-Y36) × 100 no TabNet SIM,
Mortes por intervenção legal: parcela dos homicídios,Brasil,2010,jan–dez/2010,1.43,1.43,+0,OK,TabNet SIM: Y35-Y36 ÷ (X85-Y09 + Y35-Y36),Recalcular: Y35-Y36 ÷ (X85-Y09 + Y35-Y36) × 100 no TabNet SIM,
Mortes por intervenção legal: parcela dos homicídios,Brasil,2011,jan–dez/2011,1.15,1.15,+0,OK,TabNet SIM: Y35-Y36 ÷ (X85-Y09 + Y35-Y36),Recalcular: Y35-Y36 ÷ (X85-Y09 + Y35-Y36) × 100 no TabNet SIM,
Mortes por intervenção legal: parcela dos homicídios,Brasil,2012,jan–dez/2012,1.24,1.24,+0,OK,TabNet SIM: Y35-Y36 ÷ (X85-Y09 + Y35-Y36),Recalcular: Y35-Y36 ÷ (X85-Y09 + Y35-Y36) × 100 no TabNet SIM,
Mortes por intervenção legal: parcela dos homicídios,Brasil,2013,jan–dez/2013,1.03,1.03,+0,OK,TabNet SIM: Y35-Y36 ÷ (X85-Y09 + Y35-Y36),Recalcular: Y35-Y36 ÷ (X85-Y09 + Y35-Y36) × 100 no TabNet SIM,
Mortes por intervenção legal: parcela dos homicídios,Brasil,2014,jan–dez/2014,1.31,1.31,+0,OK,TabNet SIM: Y35-Y36 ÷ (X85-Y09 + Y35-Y36),Recalcular: Y35-Y36 ÷ (X85-Y09 + Y35-Y36) × 100 no TabNet SIM,
Mortes por intervenção legal: parcela dos homicídios,Brasil,2015,jan–dez/2015,1.59,1.59,+0,OK,TabNet SIM: Y35-Y36 ÷ (X85-Y09 + Y35-Y36),Recalcular: Y35-Y36 ÷ (X85-Y09 + Y35-Y36) × 100 no TabNet SIM,
Mortes por intervenção legal: parcela dos homicídios,Brasil,2016,jan–dez/2016,2.2,2.2,+0,OK,TabNet SIM: Y35-Y36 ÷ (X85-Y09 + Y35-Y36),Recalcular: Y35-Y36 ÷ (X85-Y09 + Y35-Y36) × 100 no TabNet SIM,
Mortes por intervenção legal: parcela dos homicídios,Brasil,2017,jan–dez/2017,2.83,2.83,+0,OK,TabNet SIM: Y35-Y36 ÷ (X85-Y09 + Y35-Y36),Recalcular: Y35-Y36 ÷ (X85-Y09 + Y35-Y36) × 100 no TabNet SIM,
Mortes por intervenção legal: parcela dos homicídios,Brasil,2018,jan–dez/2018,3.52,3.52,+0,OK,TabNet SIM: Y35-Y36 ÷ (X85-Y09 + Y35-Y36),Recalcular: Y35-Y36 ÷ (X85-Y09 + Y35-Y36) × 100 no TabNet SIM,
Mortes por intervenção legal: parcela dos homicídios,Brasil,2019,jan–dez/2019,3.23,3.23,+0,OK,TabNet SIM: Y35-Y36 ÷ (X85-Y09 + Y35-Y36),Recalcular: Y35-Y36 ÷ (X85-Y09 + Y35-Y36) × 100 no TabNet SIM,
Mortes por intervenção legal: parcela dos homicídios,Brasil,2020,jan–dez/2020,4.39,4.39,+0,OK,TabNet SIM: Y35-Y36 ÷ (X85-Y09 + Y35-Y36),Recalcular: Y35-Y36 ÷ (X85-Y09 + Y35-Y36) × 100 no TabNet SIM,
Mortes por intervenção legal: parcela dos homicídios,Brasil,2021,jan–dez/2021,4.78,4.78,+0,OK,TabNet SIM: Y35-Y36 ÷ (X85-Y09 + Y35-Y36),Recalcular: Y35-Y36 ÷ (X85-Y09 + Y35-Y36) × 100 no TabNet SIM,
Mortes por intervenção legal: parcela dos homicídios,Brasil,2022,jan–dez/2022,4.4,4.4,+0,OK,TabNet SIM: Y35-Y36 ÷ (X85-Y09 + Y35-Y36),Recalcular: Y35-Y36 ÷ (X85-Y09 + Y35-Y36) × 100 no TabNet SIM,
Mortes por intervenção legal: parcela dos homicídios,Brasil,2023,jan–dez/2023,5.04,5.04,+0,OK,TabNet SIM: Y35-Y36 ÷ (X85-Y09 + Y35-Y36),Recalcular: Y35-Y36 ÷ (X85-Y09 + Y35-Y36) × 100 no TabNet SIM,
Mortes por intervenção legal: parcela dos homicídios,Brasil,2024,jan–dez/2024,6.21,6.21,+0,OK,TabNet SIM: Y35-Y36 ÷ (X85-Y09 + Y35-Y36),Recalcular: Y35-Y36 ÷ (X85-Y09 + Y35-Y36) × 100 no TabNet SIM,
Mortes violentas por causa indeterminada,Brasil,2002,jan–dez/2002,12557,12557,+0,OK,"TabNet SIM, Y10-Y34","TabNet SIM, causas externas, grande grupo Y10-Y34: http://tabnet.datasus.gov.br/cgi/deftohtm.exe?sim/cnv/ext10uf.def",
Mortes violentas por causa indeterminada,Brasil,2003,jan–dez/2003,11101,11101,+0,OK,"TabNet SIM, Y10-Y34","TabNet SIM, causas externas, grande grupo Y10-Y34: http://tabnet.datasus.gov.br/cgi/deftohtm.exe?sim/cnv/ext10uf.def",
Mortes violentas por causa indeterminada,Brasil,2004,jan–dez/2004,11597,11597,+0,OK,"TabNet SIM, Y10-Y34","TabNet SIM, causas externas, grande grupo Y10-Y34: http://tabnet.datasus.gov.br/cgi/deftohtm.exe?sim/cnv/ext10uf.def",
Mortes violentas por causa indeterminada,Brasil,2005,jan–dez/2005,11269,11269,+0,OK,"TabNet SIM, Y10-Y34","TabNet SIM, causas externas, grande grupo Y10-Y34: http://tabnet.datasus.gov.br/cgi/deftohtm.exe?sim/cnv/ext10uf.def",
Mortes violentas por causa indeterminada,Brasil,2006,jan–dez/2006,9147,9147,+0,OK,"TabNet SIM, Y10-Y34","TabNet SIM, causas externas, grande grupo Y10-Y34: http://tabnet.datasus.gov.br/cgi/deftohtm.exe?sim/cnv/ext10uf.def",
Mortes violentas por causa indeterminada,Brasil,2007,jan–dez/2007,11367,11367,+0,OK,"TabNet SIM, Y10-Y34","TabNet SIM, causas externas, grande grupo Y10-Y34: http://tabnet.datasus.gov.br/cgi/deftohtm.exe?sim/cnv/ext10uf.def",
Mortes violentas por causa indeterminada,Brasil,2008,jan–dez/2008,12056,12056,+0,OK,"TabNet SIM, Y10-Y34","TabNet SIM, causas externas, grande grupo Y10-Y34: http://tabnet.datasus.gov.br/cgi/deftohtm.exe?sim/cnv/ext10uf.def",
Mortes violentas por causa indeterminada,Brasil,2009,jan–dez/2009,13253,13253,+0,OK,"TabNet SIM, Y10-Y34","TabNet SIM, causas externas, grande grupo Y10-Y34: http://tabnet.datasus.gov.br/cgi/deftohtm.exe?sim/cnv/ext10uf.def",
Mortes violentas por causa indeterminada,Brasil,2010,jan–dez/2010,9703,9703,+0,OK,"TabNet SIM, Y10-Y34","TabNet SIM, causas externas, grande grupo Y10-Y34: http://tabnet.datasus.gov.br/cgi/deftohtm.exe?sim/cnv/ext10uf.def",
Mortes violentas por causa indeterminada,Brasil,2011,jan–dez/2011,10353,10353,+0,OK,"TabNet SIM, Y10-Y34","TabNet SIM, causas externas, grande grupo Y10-Y34: http://tabnet.datasus.gov.br/cgi/deftohtm.exe?sim/cnv/ext10uf.def",
Mortes violentas por causa indeterminada,Brasil,2012,jan–dez/2012,10051,10051,+0,OK,"TabNet SIM, Y10-Y34","TabNet SIM, causas externas, grande grupo Y10-Y34: http://tabnet.datasus.gov.br/cgi/deftohtm.exe?sim/cnv/ext10uf.def",
Mortes violentas por causa indeterminada,Brasil,2013,jan–dez/2013,9788,9788,+0,OK,"TabNet SIM, Y10-Y34","TabNet SIM, causas externas, grande grupo Y10-Y34: http://tabnet.datasus.gov.br/cgi/deftohtm.exe?sim/cnv/ext10uf.def",
Mortes violentas por causa indeterminada,Brasil,2014,jan–dez/2014,9468,9468,+0,OK,"TabNet SIM, Y10-Y34","TabNet SIM, causas externas, grande grupo Y10-Y34: http://tabnet.datasus.gov.br/cgi/deftohtm.exe?sim/cnv/ext10uf.def",
Mortes violentas por causa indeterminada,Brasil,2015,jan–dez/2015,9810,9810,+0,OK,"TabNet SIM, Y10-Y34","TabNet SIM, causas externas, grande grupo Y10-Y34: http://tabnet.datasus.gov.br/cgi/deftohtm.exe?sim/cnv/ext10uf.def",
Mortes violentas por causa indeterminada,Brasil,2016,jan–dez/2016,10274,10274,+0,OK,"TabNet SIM, Y10-Y34","TabNet SIM, causas externas, grande grupo Y10-Y34: http://tabnet.datasus.gov.br/cgi/deftohtm.exe?sim/cnv/ext10uf.def",
Mortes violentas por causa indeterminada,Brasil,2017,jan–dez/2017,9799,9799,+0,OK,"TabNet SIM, Y10-Y34","TabNet SIM, causas externas, grande grupo Y10-Y34: http://tabnet.datasus.gov.br/cgi/deftohtm.exe?sim/cnv/ext10uf.def",
Mortes violentas por causa indeterminada,Brasil,2018,jan–dez/2018,12310,12310,+0,OK,"TabNet SIM, Y10-Y34","TabNet SIM, causas externas, grande grupo Y10-Y34: http://tabnet.datasus.gov.br/cgi/deftohtm.exe?sim/cnv/ext10uf.def",
Mortes violentas por causa indeterminada,Brasil,2019,jan–dez/2019,16648,16648,+0,OK,"TabNet SIM, Y10-Y34","TabNet SIM, causas externas, grande grupo Y10-Y34: http://tabnet.datasus.gov.br/cgi/deftohtm.exe?sim/cnv/ext10uf.def",
Mortes violentas por causa indeterminada,Brasil,2020,jan–dez/2020,14038,14038,+0,OK,"TabNet SIM, Y10-Y34","TabNet SIM, causas externas, grande grupo Y10-Y34: http://tabnet.datasus.gov.br/cgi/deftohtm.exe?sim/cnv/ext10uf.def",
Mortes violentas por causa indeterminada,Brasil,2021,jan–dez/2021,13843,13843,+0,OK,"TabNet SIM, Y10-Y34","TabNet SIM, causas externas, grande grupo Y10-Y34: http://tabnet.datasus.gov.br/cgi/deftohtm.exe?sim/cnv/ext10uf.def",
Mortes violentas por causa indeterminada,Brasil,2022,jan–dez/2022,15533,15533,+0,OK,"TabNet SIM, Y10-Y34","TabNet SIM, causas externas, grande grupo Y10-Y34: http://tabnet.datasus.gov.br/cgi/deftohtm.exe?sim/cnv/ext10uf.def",
Mortes violentas por causa indeterminada,Brasil,2023,jan–dez/2023,13896,13896,+0,OK,"TabNet SIM, Y10-Y34","TabNet SIM, causas externas, grande grupo Y10-Y34: http://tabnet.datasus.gov.br/cgi/deftohtm.exe?sim/cnv/ext10uf.def",
PIB per capita: variação real anual,Brasil,2002,jan–dez/2002,1.8,1.8,+0,OK,apisidra 6784 v9814,"SIDRA 6784, 'PIB per capita - variação em volume': https://sidra.ibge.gov.br/tabela/6784",
PIB per capita: variação real anual,Brasil,2003,jan–dez/2003,-0.1,-0.1,+0,OK,apisidra 6784 v9814,"SIDRA 6784, 'PIB per capita - variação em volume': https://sidra.ibge.gov.br/tabela/6784",
PIB per capita: variação real anual,Brasil,2004,jan–dez/2004,4.6,4.6,+0,OK,apisidra 6784 v9814,"SIDRA 6784, 'PIB per capita - variação em volume': https://sidra.ibge.gov.br/tabela/6784",
PIB per capita: variação real anual,Brasil,2005,jan–dez/2005,2.1,2.1,+0,OK,apisidra 6784 v9814,"SIDRA 6784, 'PIB per capita - variação em volume': https://sidra.ibge.gov.br/tabela/6784",
PIB per capita: variação real anual,Brasil,2006,jan–dez/2006,2.8,2.8,+0,OK,apisidra 6784 v9814,"SIDRA 6784, 'PIB per capita - variação em volume': https://sidra.ibge.gov.br/tabela/6784",
PIB per capita: variação real anual,Brasil,2007,jan–dez/2007,5.0,5,+0,OK,apisidra 6784 v9814,"SIDRA 6784, 'PIB per capita - variação em volume': https://sidra.ibge.gov.br/tabela/6784",
PIB per capita: variação real anual,Brasil,2008,jan–dez/2008,4.1,4.1,+0,OK,apisidra 6784 v9814,"SIDRA 6784, 'PIB per capita - variação em volume': https://sidra.ibge.gov.br/tabela/6784",
PIB per capita: variação real anual,Brasil,2009,jan–dez/2009,-1.1,-1.1,+0,OK,apisidra 6784 v9814,"SIDRA 6784, 'PIB per capita - variação em volume': https://sidra.ibge.gov.br/tabela/6784",
PIB per capita: variação real anual,Brasil,2010,jan–dez/2010,6.7,6.7,+0,OK,apisidra 6784 v9814,"SIDRA 6784, 'PIB per capita - variação em volume': https://sidra.ibge.gov.br/tabela/6784",
PIB per capita: variação real anual,Brasil,2011,jan–dez/2011,3.2,3.2,+0,OK,apisidra 6784 v9814,"SIDRA 6784, 'PIB per capita - variação em volume': https://sidra.ibge.gov.br/tabela/6784",
PIB per capita: variação real anual,Brasil,2012,jan–dez/2012,1.1,1.1,+0,OK,apisidra 6784 v9814,"SIDRA 6784, 'PIB per capita - variação em volume': https://sidra.ibge.gov.br/tabela/6784",
PIB per capita: variação real anual,Brasil,2013,jan–dez/2013,2.2,2.2,+0,OK,apisidra 6784 v9814,"SIDRA 6784, 'PIB per capita - variação em volume': https://sidra.ibge.gov.br/tabela/6784",
PIB per capita: variação real anual,Brasil,2014,jan–dez/2014,-0.3,-0.3,+0,OK,apisidra 6784 v9814,"SIDRA 6784, 'PIB per capita - variação em volume': https://sidra.ibge.gov.br/tabela/6784",
PIB per capita: variação real anual,Brasil,2015,jan–dez/2015,-4.3,-4.3,+0,OK,apisidra 6784 v9814,"SIDRA 6784, 'PIB per capita - variação em volume': https://sidra.ibge.gov.br/tabela/6784",
PIB per capita: variação real anual,Brasil,2016,jan–dez/2016,-4.0,-4,+0,OK,apisidra 6784 v9814,"SIDRA 6784, 'PIB per capita - variação em volume': https://sidra.ibge.gov.br/tabela/6784",
PIB per capita: variação real anual,Brasil,2017,jan–dez/2017,0.6,0.6,+0,OK,apisidra 6784 v9814,"SIDRA 6784, 'PIB per capita - variação em volume': https://sidra.ibge.gov.br/tabela/6784",
PIB per capita: variação real anual,Brasil,2018,jan–dez/2018,1.0,1,+0,OK,apisidra 6784 v9814,"SIDRA 6784, 'PIB per capita - variação em volume': https://sidra.ibge.gov.br/tabela/6784",
PIB per capita: variação real anual,Brasil,2019,jan–dez/2019,0.6,0.6,+0,OK,apisidra 6784 v9814,"SIDRA 6784, 'PIB per capita - variação em volume': https://sidra.ibge.gov.br/tabela/6784",
PIB per capita: variação real anual,Brasil,2020,jan–dez/2020,-3.9,-3.9,+0,OK,apisidra 6784 v9814,"SIDRA 6784, 'PIB per capita - variação em volume': https://sidra.ibge.gov.br/tabela/6784",
PIB per capita: variação real anual,Brasil,2021,jan–dez/2021,4.3,4.3,+0,OK,apisidra 6784 v9814,"SIDRA 6784, 'PIB per capita - variação em volume': https://sidra.ibge.gov.br/tabela/6784",
PIB per capita: variação real anual,Brasil,2022,jan–dez/2022,2.6,2.6,+0,OK,apisidra 6784 v9814,"SIDRA 6784, 'PIB per capita - variação em volume': https://sidra.ibge.gov.br/tabela/6784",
PIB per capita: variação real anual,Brasil,2023,jan–dez/2023,2.8,2.8,+0,OK,apisidra 6784 v9814,"SIDRA 6784, 'PIB per capita - variação em volume': https://sidra.ibge.gov.br/tabela/6784",
PIB: variação real anual,Brasil,2002,jan–dez/2002,3.1,3.1,+0,OK,apisidra 6784 v9810,"SIDRA 6784 (até 2023) e 5932 (2024–2025, 4º trimestre, 'acumulada ao longo do ano')",
PIB: variação real anual,Brasil,2003,jan–dez/2003,1.1,1.1,+0,OK,apisidra 6784 v9810,"SIDRA 6784 (até 2023) e 5932 (2024–2025, 4º trimestre, 'acumulada ao longo do ano')",
PIB: variação real anual,Brasil,2004,jan–dez/2004,5.8,5.8,+0,OK,apisidra 6784 v9810,"SIDRA 6784 (até 2023) e 5932 (2024–2025, 4º trimestre, 'acumulada ao longo do ano')",
PIB: variação real anual,Brasil,2005,jan–dez/2005,3.2,3.2,+0,OK,apisidra 6784 v9810,"SIDRA 6784 (até 2023) e 5932 (2024–2025, 4º trimestre, 'acumulada ao longo do ano')",
PIB: variação real anual,Brasil,2006,jan–dez/2006,4.0,4,+0,OK,apisidra 6784 v9810,"SIDRA 6784 (até 2023) e 5932 (2024–2025, 4º trimestre, 'acumulada ao longo do ano')",
PIB: variação real anual,Brasil,2007,jan–dez/2007,6.1,6.1,+0,OK,apisidra 6784 v9810,"SIDRA 6784 (até 2023) e 5932 (2024–2025, 4º trimestre, 'acumulada ao longo do ano')",
PIB: variação real anual,Brasil,2008,jan–dez/2008,5.1,5.1,+0,OK,apisidra 6784 v9810,"SIDRA 6784 (até 2023) e 5932 (2024–2025, 4º trimestre, 'acumulada ao longo do ano')",
PIB: variação real anual,Brasil,2009,jan–dez/2009,-0.1,-0.1,+0,OK,apisidra 6784 v9810,"SIDRA 6784 (até 2023) e 5932 (2024–2025, 4º trimestre, 'acumulada ao longo do ano')",
PIB: variação real anual,Brasil,2010,jan–dez/2010,7.5,7.5,+0,OK,apisidra 6784 v9810,"SIDRA 6784 (até 2023) e 5932 (2024–2025, 4º trimestre, 'acumulada ao longo do ano')",
PIB: variação real anual,Brasil,2011,jan–dez/2011,4.0,4,+0,OK,apisidra 6784 v9810,"SIDRA 6784 (até 2023) e 5932 (2024–2025, 4º trimestre, 'acumulada ao longo do ano')",
PIB: variação real anual,Brasil,2012,jan–dez/2012,1.9,1.9,+0,OK,apisidra 6784 v9810,"SIDRA 6784 (até 2023) e 5932 (2024–2025, 4º trimestre, 'acumulada ao longo do ano')",
PIB: variação real anual,Brasil,2013,jan–dez/2013,3.0,3,+0,OK,apisidra 6784 v9810,"SIDRA 6784 (até 2023) e 5932 (2024–2025, 4º trimestre, 'acumulada ao longo do ano')",
PIB: variação real anual,Brasil,2014,jan–dez/2014,0.5,0.5,+0,OK,apisidra 6784 v9810,"SIDRA 6784 (até 2023) e 5932 (2024–2025, 4º trimestre, 'acumulada ao longo do ano')",
PIB: variação real anual,Brasil,2015,jan–dez/2015,-3.5,-3.5,+0,OK,apisidra 6784 v9810,"SIDRA 6784 (até 2023) e 5932 (2024–2025, 4º trimestre, 'acumulada ao longo do ano')",
PIB: variação real anual,Brasil,2016,jan–dez/2016,-3.3,-3.3,+0,OK,apisidra 6784 v9810,"SIDRA 6784 (até 2023) e 5932 (2024–2025, 4º trimestre, 'acumulada ao longo do ano')",
PIB: variação real anual,Brasil,2017,jan–dez/2017,1.3,1.3,+0,OK,apisidra 6784 v9810,"SIDRA 6784 (até 2023) e 5932 (2024–2025, 4º trimestre, 'acumulada ao longo do ano')",
PIB: variação real anual,Brasil,2018,jan–dez/2018,1.7,1.7,+0,OK,apisidra 6784 v9810,"SIDRA 6784 (até 2023) e 5932 (2024–2025, 4º trimestre, 'acumulada ao longo do ano')",
PIB: variação real anual,Brasil,2019,jan–dez/2019,1.3,1.3,+0,OK,apisidra 6784 v9810,"SIDRA 6784 (até 2023) e 5932 (2024–2025, 4º trimestre, 'acumulada ao longo do ano')",
PIB: variação real anual,Brasil,2020,jan–dez/2020,-3.3,-3.3,+0,OK,apisidra 6784 v9810,"SIDRA 6784 (até 2023) e 5932 (2024–2025, 4º trimestre, 'acumulada ao longo do ano')",
PIB: variação real anual,Brasil,2021,jan–dez/2021,4.8,4.8,+0,OK,apisidra 6784 v9810,"SIDRA 6784 (até 2023) e 5932 (2024–2025, 4º trimestre, 'acumulada ao longo do ano')",
PIB: variação real anual,Brasil,2022,jan–dez/2022,3.0,3,+0,OK,apisidra 6784 v9810,"SIDRA 6784 (até 2023) e 5932 (2024–2025, 4º trimestre, 'acumulada ao longo do ano')",
PIB: variação real anual,Brasil,2023,jan–dez/2023,3.2,3.2,+0,OK,apisidra 6784 v9810,"SIDRA 6784 (até 2023) e 5932 (2024–2025, 4º trimestre, 'acumulada ao longo do ano')",
PIB: variação real anual,Brasil,2024,jan–dez/2024,3.4,3.4,+0,OK,apisidra 5932 v6563 (4º tri),"SIDRA 6784 (até 2023) e 5932 (2024–2025, 4º trimestre, 'acumulada ao longo do ano')",
PIB: variação real anual,Brasil,2025,jan–dez/2025,2.3,2.3,+0,OK,apisidra 5932 v6563 (4º tri),"SIDRA 6784 (até 2023) e 5932 (2024–2025, 4º trimestre, 'acumulada ao longo do ano')",
Taxa de desmatamento PRODES,Amazônia Legal,2024,ago/2023–jul/2024 (ano PRODES 2024),6518,6518,+0,OK,texto de notícia oficial do INPE,"Painel TerraBrasilis, tabela de taxas: https://terrabrasilis.dpi.inpe.br/app/dashboard/deforestation/biomes/legal_amazon/rates",
Taxa de desmatamento PRODES,Amazônia Legal,2025,ago/2024–jul/2025 (ano PRODES 2025),5731,5731,+0,OK,texto de notícia oficial do INPE,"Painel TerraBrasilis, tabela de taxas: https://terrabrasilis.dpi.inpe.br/app/dashboard/deforestation/biomes/legal_amazon/rates",
Taxa de homicídios registrados,Brasil,2002,jan–dez/2002,27.79,27.79,+0,OK,TabNet SIM (X85-Y09 + Y35-Y36) ÷ população apisidra 6784,"Atlas da Violência, série 20: https://www.ipea.gov.br/atlasviolencia/dados-series/20",
Taxa de homicídios registrados,Brasil,2003,jan–dez/2003,28.41,28.41,+0,OK,TabNet SIM (X85-Y09 + Y35-Y36) ÷ população apisidra 6784,"Atlas da Violência, série 20: https://www.ipea.gov.br/atlasviolencia/dados-series/20",
Taxa de homicídios registrados,Brasil,2004,jan–dez/2004,26.66,26.66,+0,OK,TabNet SIM (X85-Y09 + Y35-Y36) ÷ população apisidra 6784,"Atlas da Violência, série 20: https://www.ipea.gov.br/atlasviolencia/dados-series/20",
Taxa de homicídios registrados,Brasil,2005,jan–dez/2005,25.95,25.95,+0,OK,TabNet SIM (X85-Y09 + Y35-Y36) ÷ população apisidra 6784,"Atlas da Violência, série 20: https://www.ipea.gov.br/atlasviolencia/dados-series/20",
Taxa de homicídios registrados,Brasil,2006,jan–dez/2006,26.5,26.5,+0,OK,TabNet SIM (X85-Y09 + Y35-Y36) ÷ população apisidra 6784,"Atlas da Violência, série 20: https://www.ipea.gov.br/atlasviolencia/dados-series/20",
Taxa de homicídios registrados,Brasil,2007,jan–dez/2007,25.45,25.45,+0,OK,TabNet SIM (X85-Y09 + Y35-Y36) ÷ população apisidra 6784,"Atlas da Violência, série 20: https://www.ipea.gov.br/atlasviolencia/dados-series/20",
Taxa de homicídios registrados,Brasil,2008,jan–dez/2008,26.48,26.48,+0,OK,TabNet SIM (X85-Y09 + Y35-Y36) ÷ população apisidra 6784,"Atlas da Violência, série 20: https://www.ipea.gov.br/atlasviolencia/dados-series/20",
Taxa de homicídios registrados,Brasil,2009,jan–dez/2009,26.94,26.94,+0,OK,TabNet SIM (X85-Y09 + Y35-Y36) ÷ população apisidra 6784,"Atlas da Violência, série 20: https://www.ipea.gov.br/atlasviolencia/dados-series/20",
Taxa de homicídios registrados,Brasil,2010,jan–dez/2010,27.22,27.22,+0,OK,TabNet SIM (X85-Y09 + Y35-Y36) ÷ população apisidra 6784,"Atlas da Violência, série 20: https://www.ipea.gov.br/atlasviolencia/dados-series/20",
Taxa de homicídios registrados,Brasil,2011,jan–dez/2011,26.92,26.92,+0,OK,TabNet SIM (X85-Y09 + Y35-Y36) ÷ população apisidra 6784,"Atlas da Violência, série 20: https://www.ipea.gov.br/atlasviolencia/dados-series/20",
Taxa de homicídios registrados,Brasil,2012,jan–dez/2012,28.86,28.86,+0,OK,TabNet SIM (X85-Y09 + Y35-Y36) ÷ população apisidra 6784,"Atlas da Violência, série 20: https://www.ipea.gov.br/atlasviolencia/dados-series/20",
Taxa de homicídios registrados,Brasil,2013,jan–dez/2013,28.81,28.81,+0,OK,TabNet SIM (X85-Y09 + Y35-Y36) ÷ população apisidra 6784,"Atlas da Violência, série 20: https://www.ipea.gov.br/atlasviolencia/dados-series/20",
Taxa de homicídios registrados,Brasil,2014,jan–dez/2014,30.11,30.11,+0,OK,TabNet SIM (X85-Y09 + Y35-Y36) ÷ população apisidra 6784,"Atlas da Violência, série 20: https://www.ipea.gov.br/atlasviolencia/dados-series/20",
Taxa de homicídios registrados,Brasil,2015,jan–dez/2015,29.19,29.19,+0,OK,TabNet SIM (X85-Y09 + Y35-Y36) ÷ população apisidra 6784,"Atlas da Violência, série 20: https://www.ipea.gov.br/atlasviolencia/dados-series/20",
Taxa de homicídios registrados,Brasil,2016,jan–dez/2016,30.66,30.66,+0,OK,TabNet SIM (X85-Y09 + Y35-Y36) ÷ população apisidra 6784,"Atlas da Violência, série 20: https://www.ipea.gov.br/atlasviolencia/dados-series/20",
Taxa de homicídios registrados,Brasil,2017,jan–dez/2017,31.97,31.97,+0,OK,TabNet SIM (X85-Y09 + Y35-Y36) ÷ população apisidra 6784,"Atlas da Violência, série 20: https://www.ipea.gov.br/atlasviolencia/dados-series/20",
Taxa de homicídios registrados,Brasil,2018,jan–dez/2018,28.06,28.06,+0,OK,TabNet SIM (X85-Y09 + Y35-Y36) ÷ população apisidra 6784,"Atlas da Violência, série 20: https://www.ipea.gov.br/atlasviolencia/dados-series/20",
Taxa de homicídios registrados,Brasil,2019,jan–dez/2019,21.89,21.89,+0,OK,TabNet SIM (X85-Y09 + Y35-Y36) ÷ população apisidra 6784,"Atlas da Violência, série 20: https://www.ipea.gov.br/atlasviolencia/dados-series/20",
Taxa de homicídios registrados,Brasil,2020,jan–dez/2020,23.84,23.84,+0,OK,TabNet SIM (X85-Y09 + Y35-Y36) ÷ população apisidra 6784,"Atlas da Violência, série 20: https://www.ipea.gov.br/atlasviolencia/dados-series/20",
Taxa de homicídios registrados,Brasil,2021,jan–dez/2021,22.77,22.77,+0,OK,TabNet SIM (X85-Y09 + Y35-Y36) ÷ população apisidra 6784,"Atlas da Violência, série 20: https://www.ipea.gov.br/atlasviolencia/dados-series/20",
Taxa de homicídios registrados,Brasil,2022,jan–dez/2022,22.01,22.01,+0,OK,TabNet SIM (X85-Y09 + Y35-Y36) ÷ população apisidra 6784,"Atlas da Violência, série 20: https://www.ipea.gov.br/atlasviolencia/dados-series/20",
Taxa de homicídios registrados,Brasil,2023,jan–dez/2023,21.61,21.61,+0,OK,TabNet SIM (X85-Y09 + Y35-Y36) ÷ população apisidra 6784,"Atlas da Violência, série 20: https://www.ipea.gov.br/atlasviolencia/dados-series/20",
