id,area,nome,indicador_csv,definicao,unidade,formula,cobertura,periodicidade,periodo_ref,fonte,url_metodologia,licenca,limitacoes,nota_grafico,quebras_de_serie,versao,status
tec-internet-domicilios,Tecnologia,Domicílios com acesso à internet,,Percentual de domicílios particulares permanentes em que algum morador acessa a internet,%,domicílios com acesso / total de domicílios × 100,Brasil,anual,a verificar,IBGE (PNAD Contínua TIC) ou Cetic.br (TIC Domicílios),,,Acesso não mede qualidade nem uso; domicílio ≠ pessoa,,PNAD Contínua TIC só desde 2016; PNAD anual anterior tem outro desenho; comparar com TIC Domicílios,,candidato: não validado
edu-ideb-ai-publica,Educação,"IDEB anos iniciais, rede pública",,"Índice de Desenvolvimento da Educação Básica, anos iniciais do ensino fundamental, rede pública",índice (0–10),fluxo × desempenho no Saeb (INEP),Brasil,bienal (anos ímpares),ano de aplicação do Saeb,INEP,,,Não interpolar anos pares; edição 2021 afetada pela pandemia (ver notas do INEP),,Começa em 2005; verificar mudanças do Saeb,,candidato: não validado
edu-ideb-af-publica,Educação,"IDEB anos finais, rede pública",,"IDEB anos finais do ensino fundamental, rede pública",índice (0–10),fluxo × desempenho no Saeb (INEP),Brasil,bienal (anos ímpares),ano de aplicação do Saeb,INEP,,,Idem anos iniciais,,Começa em 2005,,candidato: não validado
edu-ideb-em-publica,Educação,"IDEB ensino médio, rede pública",,"IDEB do ensino médio, rede pública",índice (0–10),fluxo × desempenho no Saeb (INEP),Brasil,bienal (anos ímpares),ano de aplicação do Saeb,INEP,,,Mudança amostral/censitária do Saeb no ensino médio a verificar,,Começa em 2005; verificar comparabilidade em 2017,,candidato: não validado
eco-pib-real,Economia,PIB: variação real anual,PIB: variação real anual,"Taxa de variação anual do PIB a preços de mercado, em volume",% em relação ao ano anterior,"Contas anuais: variável 9810 (tabela 6784); anos sem conta anual: taxa acumulada no ano no 4º trimestre (tabela 5932, variável 6563)",Brasil,anual (trimestral disponível),ano-calendário,IBGE (Sistema de Contas Nacionais),https://sidra.ibge.gov.br/tabela/6784,,"2024–2025 são estimativas preliminares das contas trimestrais; valores com uma casa decimal; contas anuais e trimestrais diferem em até 0,1 ponto nos anos comuns (2018 e 2019); 2026 excluído por ser parcial",2024 e 2025 são estimativas preliminares das contas trimestrais. O crescimento depende também da economia mundial e de fatores fora do governo federal.,"Nenhuma no período; série combina conta anual consolidada e estimativa trimestral, marcadas por tipo_dado (ADR-010)","Contas anuais até 2023 e trimestrais até 2º tri/2026, acesso 2026-10-06",coletado: aguardando conferência editorial
eco-pib-per-capita-real,Economia,PIB per capita: variação real anual,PIB per capita: variação real anual,PIB a preços constantes dividido pela população,% em relação ao ano anterior,variável 9814 da tabela 6784 (contas anuais),Brasil,anual,ano-calendário,IBGE,https://sidra.ibge.gov.br/tabela/6784,,"Só até 2023 (sem conta anual depois). A população da tabela (210,9 milhões em 2022) é maior que a contagem do Censo 2022; verificar na nota metodológica do IBGE se e quando o denominador será revisto, o que pode alterar as taxas",A população usada pelo IBGE nesta tabela ainda não incorpora o Censo 2022; as taxas podem ser revistas.,Possível revisão futura do denominador populacional,"Contas anuais até 2023, acesso 2026-10-06",coletado: aguardando conferência editorial
eco-ipca,Economia,Inflação (IPCA) acumulada no ano,Inflação (IPCA) acumulada no ano,Variação acumulada do IPCA no ano,% ao ano,"variação acumulada jan–dez (SIDRA 1737, variável 69), conferida pelo número-índice (variável 2266)",Brasil (regiões metropolitanas e municípios cobertos),mensal; usar acumulado anual,ano-calendário,IBGE,https://sidra.ibge.gov.br/tabela/1737,,"Cobertura geográfica mudou ao longo do tempo; preços dependem de câmbio, commodities e choques externos; política monetária é conduzida pelo Banco Central, com autonomia formal desde 2021 (LC 179/2021); ano em curso (2026, dado até agosto) excluído por ser parcial","A inflação reflete também câmbio e choques externos; a política monetária cabe ao Banco Central, com autonomia formal desde 2021.",Mudanças de cesta/POF,"API de agregados do IBGE, série até 2026-08, acesso 2026-10-06",coletado: aguardando conferência editorial
eco-desocupacao,Economia,Taxa de desocupação,,Desocupados / força de trabalho,%,média anual dos trimestres (a definir),Brasil,trimestral,a definir,IBGE (PNAD Contínua),,,Não cobre 2003–2011,,PNAD Contínua desde 2012; PME (6 regiões metropolitanas) não é comparável e não deve ser emendada,,candidato: não validado
eco-rendimento-real,Economia,Rendimento médio real habitual,,Rendimento médio real habitual de todos os trabalhos,R$ de data-base,deflacionado pela fonte,Brasil,trimestral,a definir,IBGE (PNAD Contínua),,,Não cobre 2003–2011,,Quebra PNAD → PNAD Contínua,,candidato: não validado
eco-pobreza,Economia,Pobreza,,Percentual da população abaixo de uma linha de pobreza definida,%,a definir (linha e deflator),Brasil,anual,ano-calendário,IBGE (Síntese de Indicadores Sociais) / IPEA,,,Resultado depende da linha escolhida; declarar e não trocar entre períodos,,Quebra PNAD → PNAD Contínua,,candidato: não validado
eco-gini,Economia,"Índice de ""SELECT ",,,,,,,,,,,,,,,
	MATRICULA,,,,,,,,,,,,,,,,,
	NOME_COMPLETO,,,,,,,,,,,,,,,,,
	DATA_NASCIMENTO,,,,,,,,,,,,,,,,,
	LOGIN,,,,,,,,,,,,,,,,,
	EMAIL,,,,,,,,,,,,,,,,,
	CPF,,,,,,,,,,,,,,,,,
	ATIVO,,,,,,,,,,,,,,,,,
	DATA_ADMISSAO,,,,,,,,,,,,,,,,,
	NOME_CARGO,,,,,,,,,,,,,,,,,
	CODIGO_CARGO,,,,,,,,,,,,,,,,,
	UNIDADE_ORG,,,,,,,,,,,,,,,,,
	IDENTIFICADOR_USUARIO,,,,,,,,,,,,,,,,,
	IDIOMA,,,,,,,,,,,,,,,,,
	GENERO,,,,,,,,,,,,,,,,,
	USU_GEST_IMEDIATO,,,,,,,,,,,,,,,,,
	ATRIBUICAO_CARGO,,,,,,,,,,,,,,,,,
	PAIS,,,,,,,,,,,,,,,,,
	AREA_NEGOCIO,,,,,,,,,,,,,,,,,
	LOCALIDADE,,,,,,,,,,,,,,,,,
	CENTRO_CUSTO,,,,,,,,,,,,,,,,,
	NOME_CENTRO_CUSTO,,,,,,,,,,,,,,,,,
	NIVEL_CARGO,,,,,,,,,,,,,,,,,
"FROM dbo."" + context.hcm_usuarios + """,,,,,,,,,,,,,,,,,
ORDER BY CPF ASC," MATRICULA DESC""Gini da renda",Gini do rendimento domiciliar per capita,,índice (0–1),a definir pela fonte,Brasil,anual,ano-calendário,IBGE / IPEA,,,Conceito de renda varia entre pesquisas,Quebra PNAD → PNAD Contínua,,,candidato: não validado,
eco-resultado-primario,Economia,Resultado primário do setor público,,Resultado primário do setor público consolidado em % do PIB,% do PIB,acumulado no ano,setor público consolidado,mensal; usar acumulado anual,ano-calendário,Banco Central (SGS),,,Receitas e despesas extraordinárias; distinguir governo central e setor público,,A verificar,,candidato: não validado
eco-divida-bruta,Economia,Dívida bruta do governo geral,,DBGG em % do PIB,% do PIB,posição em dezembro,governo geral,mensal; usar dezembro,posição em 31/12,Banco Central (SGS),,,"Inclui efeitos de juros, câmbio e PIB nominal",,Mudança metodológica do BCB a verificar (por volta de 2008),,candidato: não validado
amb-prodes-amazonia,Desmatamento,Taxa PRODES Amazônia Legal,Taxa de desmatamento PRODES,Taxa anual estimada de desmatamento por corte raso,km²/ano,soma das taxas dos 9 estados no arquivo do TerraBrasilis,Amazônia Legal,anual,ago do ano anterior a jul do ano-rótulo,INPE (PRODES),https://terrabrasilis.dpi.inpe.br/app/dashboard/deforestation/biomes/legal_amazon/rates,,Taxa do último ano é preliminar e depois consolidada; anos de posse são de período misto,"Ano PRODES vai de agosto a julho; taxa estimada por satélite pelo INPE. O desmatamento depende também de estados, mercados e fiscalização local.",Nenhuma identificada no período 2002–2025; conferir notas técnicas,"rates2025.json, atualização INPE 2026-08-07, acesso 2026-10-06",coletado: aguardando conferência editorial
amb-prodes-cerrado,Desmatamento,Taxa PRODES Cerrado,,Taxa anual de supressão de vegetação nativa,km²/ano,estimativa INPE,Cerrado,anual (verificar início),ago–jul (verificar),INPE (PRODES),,,Não somar com Amazônia,,Série anterior possivelmente bienal; verificar,,candidato: não validado
seg-homicidios-taxa,Segurança pública,Taxa de homicídios,Taxa de homicídios registrados,"Óbitos por agressão e intervenção legal por 100 mil habitantes, por residência",por 100 mil hab.,Atlas série 20; conferida contra série 328 / população IBGE (tabela 6784) × 100000,Brasil,anual,ano-calendário do óbito,"Ipea, Atlas da Violência (SIM/Ministério da Saúde)",https://www.ipea.gov.br/atlasviolencia/dados-series/20,,"Defasagem de cerca de dois anos; mortes violentas por causa indeterminada podem reduzir artificialmente a taxa (ver série própria); taxa de 2024 na API (20,03) difere da noticiada (20,1); série de homicídios estimados do Atlas (inclui ocultos) só cobre 2013–2023","Segurança pública é sobretudo estadual. Parte da queda a partir de 2019 coincide com alta das mortes de causa indeterminada, que podem esconder homicídios.",CID-10 desde 1996 (X85-Y09 e Y35); metadado do Atlas não cita Y36,"API dados-api do Ipea, dados até 2024, acesso 2026-10-06",coletado: aguardando conferência editorial
seg-intervencao-legal,Segurança pública,Mortes por intervenção legal,Mortes por intervenção legal (agentes do Estado),"Óbitos registrados no SIM como intervenção legal (mortes causadas por agentes do Estado no exercício da função), por residência",óbitos,Atlas série 77,Brasil,anual,ano-calendário do óbito,"Ipea, Atlas da Violência (SIM/Ministério da Saúde)",https://www.ipea.gov.br/atlasviolencia/dados-series/77,,Forte subnotificação no SIM em relação aos registros policiais; não indica se a morte foi legítima ou ilegal nem a situação criminal da vítima; metadado oficial do Atlas está incompleto e sem atualização desde 2019; salto 2002→2003 sugere mudança de registro,"O SIM subestima mortes causadas por policiais, e altas podem refletir melhora do registro. O dado não diz se a morte foi legal. A maior parte das polícias é estadual.",Possível mudança de registro em 2003,"API dados-api do Ipea, dados até 2024, acesso 2026-10-06",coletado: aguardando conferência editorial
seg-intervencao-legal-parcela,Segurança pública,Parcela das mortes por intervenção legal nos homicídios,Mortes por intervenção legal: parcela dos homicídios,Mortes por intervenção legal como percentual dos homicídios registrados (que já as incluem),% dos homicídios registrados,Atlas série 77 / série 328 × 100 (cálculo do projeto),Brasil,anual,ano-calendário do óbito,"Ipea, Atlas da Violência (SIM/Ministério da Saúde)",https://www.ipea.gov.br/atlasviolencia/dados-series/77,,Herda a subnotificação das duas séries; mudanças no numerador podem ser de registro,Calculado pelo projeto (intervenção legal ÷ homicídios registrados). Herda a subnotificação do SIM; as polícias são majoritariamente estaduais.,Possível mudança de registro em 2003,"API dados-api do Ipea, dados até 2024, acesso 2026-10-06",coletado: aguardando conferência editorial
seg-mvci,Segurança pública,Mortes violentas por causa indeterminada,Mortes violentas por causa indeterminada,"Óbitos violentos em que não se determinou se houve acidente, suicídio ou agressão",óbitos,Atlas série 78,Brasil,anual,ano-calendário do óbito,"Ipea, Atlas da Violência (SIM/Ministério da Saúde)",https://www.ipea.gov.br/atlasviolencia/dados-series/78,,"Indicador de qualidade do registro, não de violência; dado só até 2023 na API","Indicador de qualidade do registro: quando sobe, homicídios podem estar sendo contados como causa indeterminada.",,"API dados-api do Ipea, dados até 2023, acesso 2026-10-06",coletado: aguardando conferência editorial
seg-feminicidio,Segurança pública,Feminicídios,Feminicídios (registros policiais),Vítimas de feminicídio (Lei 13.104/2015) registradas pelas polícias estaduais e consolidadas pelo MJSP no Sinesp VDE,vítimas,"Soma de total_vitima do evento 'Feminicídio', todos os municípios e meses",Brasil,mensal; usado o total anual,ano-calendário,"MJSP, Sinesp VDE",https://www.gov.br/mj/pt-br/assuntos/sua-seguranca/seguranca-publica/estatistica/dados-nacionais-1/base-de-dados-e-notas-metodologicas-dos-gestores-estaduais-sinesp-vde-2022-e-2023,,"Depende de a polícia classificar o caso como feminicídio; a classificação melhorou desde 2015, então parte da alta pode ser de registro; base atualizada com envios atrasados (2024: 1.464 divulgado em 2025, 1.501 hoje); números diferem do Anuário do FBSP; algumas vítimas sem marcação de sexo feminino",Registros policiais: parte da alta desde 2015 pode refletir melhor classificação dos casos. Anos recentes ainda são revisados. Segurança pública é sobretudo estadual.,Tipificação existe desde março de 2015,"bancovde 2015–2026, acesso 2026-10-07 (ver MANIFESTO.csv)",coletado: aguardando conferência editorial
seg-homicidios-mulheres,Segurança pública,Homicídios de mulheres,Homicídios de mulheres,"Óbitos de mulheres por agressão e intervenção legal, por residência (definição do Atlas da Violência)",óbitos,"TabNet SIM: X85-Y09 + Y35-Y36, sexo feminino",Brasil,anual,ano-calendário do óbito,"Ministério da Saúde, SIM (TabNet/DATASUS)",http://tabnet.datasus.gov.br/cgi/deftohtm.exe?sim/cnv/ext10uf.def,,"Inclui todos os homicídios de mulheres, não só feminicídios; mortes de causa indeterminada podem esconder homicídios; série bate com o Atlas (série 40) em 2002–2023","Inclui todos os assassinatos de mulheres, não só feminicídios. Serve de controle: se feminicídios sobem e homicídios de mulheres caem, a alta pode ser de classificação.",,"TabNet SIM, consulta de 2026-10-07",coletado: aguardando conferência editorial
