indicador,serie,ano,valor,unidade,fonte,url_fonte,periodo_ref,inicio_periodo,fim_periodo,tipo_dado,data_acesso,validada,metodologia
Taxa de desmatamento PRODES,Amazônia Legal,2002,21650,km²/ano,"INPE, PRODES (TerraBrasilis)",https://terrabrasilis.dpi.inpe.br/app/prodes/dashboard/deforestation/files/rates2025.json,ago/2001–jul/2002 (ano PRODES 2002),2001-08-01,2002-07-31,observado,2026-10-06,nao,Taxa anual consolidada estimada pelo INPE por imagens de satélite (corte raso). Soma das taxas dos 9 estados da Amazônia Legal no arquivo do painel TerraBrasilis (atualização de 2026-08-07); transformação em coleta/prodes_amazonia.py.
Taxa de desmatamento PRODES,Amazônia Legal,2003,25396,km²/ano,"INPE, PRODES (TerraBrasilis)",https://terrabrasilis.dpi.inpe.br/app/prodes/dashboard/deforestation/files/rates2025.json,ago/2002–jul/2003 (ano PRODES 2003),2002-08-01,2003-07-31,observado,2026-10-06,nao,Taxa anual consolidada estimada pelo INPE por imagens de satélite (corte raso). Soma das taxas dos 9 estados da Amazônia Legal no arquivo do painel TerraBrasilis (atualização de 2026-08-07); transformação em coleta/prodes_amazonia.py.
Taxa de desmatamento PRODES,Amazônia Legal,2004,27772,km²/ano,"INPE, PRODES (TerraBrasilis)",https://terrabrasilis.dpi.inpe.br/app/prodes/dashboard/deforestation/files/rates2025.json,ago/2003–jul/2004 (ano PRODES 2004),2003-08-01,2004-07-31,observado,2026-10-06,nao,Taxa anual consolidada estimada pelo INPE por imagens de satélite (corte raso). Soma das taxas dos 9 estados da Amazônia Legal no arquivo do painel TerraBrasilis (atualização de 2026-08-07); transformação em coleta/prodes_amazonia.py.
Taxa de desmatamento PRODES,Amazônia Legal,2005,19014,km²/ano,"INPE, PRODES (TerraBrasilis)",https://terrabrasilis.dpi.inpe.br/app/prodes/dashboard/deforestation/files/rates2025.json,ago/2004–jul/2005 (ano PRODES 2005),2004-08-01,2005-07-31,observado,2026-10-06,nao,Taxa anual consolidada estimada pelo INPE por imagens de satélite (corte raso). Soma das taxas dos 9 estados da Amazônia Legal no arquivo do painel TerraBrasilis (atualização de 2026-08-07); transformação em coleta/prodes_amazonia.py.
Taxa de desmatamento PRODES,Amazônia Legal,2006,14286,km²/ano,"INPE, PRODES (TerraBrasilis)",https://terrabrasilis.dpi.inpe.br/app/prodes/dashboard/deforestation/files/rates2025.json,ago/2005–jul/2006 (ano PRODES 2006),2005-08-01,2006-07-31,observado,2026-10-06,nao,Taxa anual consolidada estimada pelo INPE por imagens de satélite (corte raso). Soma das taxas dos 9 estados da Amazônia Legal no arquivo do painel TerraBrasilis (atualização de 2026-08-07); transformação em coleta/prodes_amazonia.py.
Taxa de desmatamento PRODES,Amazônia Legal,2007,11651,km²/ano,"INPE, PRODES (TerraBrasilis)",https://terrabrasilis.dpi.inpe.br/app/prodes/dashboard/deforestation/files/rates2025.json,ago/2006–jul/2007 (ano PRODES 2007),2006-08-01,2007-07-31,observado,2026-10-06,nao,Taxa anual consolidada estimada pelo INPE por imagens de satélite (corte raso). Soma das taxas dos 9 estados da Amazônia Legal no arquivo do painel TerraBrasilis (atualização de 2026-08-07); transformação em coleta/prodes_amazonia.py.
Taxa de desmatamento PRODES,Amazônia Legal,2008,12911,km²/ano,"INPE, PRODES (TerraBrasilis)",https://terrabrasilis.dpi.inpe.br/app/prodes/dashboard/deforestation/files/rates2025.json,ago/2007–jul/2008 (ano PRODES 2008),2007-08-01,2008-07-31,observado,2026-10-06,nao,Taxa anual consolidada estimada pelo INPE por imagens de satélite (corte raso). Soma das taxas dos 9 estados da Amazônia Legal no arquivo do painel TerraBrasilis (atualização de 2026-08-07); transformação em coleta/prodes_amazonia.py.
Taxa de desmatamento PRODES,Amazônia Legal,2009,7464,km²/ano,"INPE, PRODES (TerraBrasilis)",https://terrabrasilis.dpi.inpe.br/app/prodes/dashboard/deforestation/files/rates2025.json,ago/2008–jul/2009 (ano PRODES 2009),2008-08-01,2009-07-31,observado,2026-10-06,nao,Taxa anual consolidada estimada pelo INPE por imagens de satélite (corte raso). Soma das taxas dos 9 estados da Amazônia Legal no arquivo do painel TerraBrasilis (atualização de 2026-08-07); transformação em coleta/prodes_amazonia.py.
Taxa de desmatamento PRODES,Amazônia Legal,2010,7000,km²/ano,"INPE, PRODES (TerraBrasilis)",https://terrabrasilis.dpi.inpe.br/app/prodes/dashboard/deforestation/files/rates2025.json,ago/2009–jul/2010 (ano PRODES 2010),2009-08-01,2010-07-31,observado,2026-10-06,nao,Taxa anual consolidada estimada pelo INPE por imagens de satélite (corte raso). Soma das taxas dos 9 estados da Amazônia Legal no arquivo do painel TerraBrasilis (atualização de 2026-08-07); transformação em coleta/prodes_amazonia.py.
Taxa de desmatamento PRODES,Amazônia Legal,2011,6418,km²/ano,"INPE, PRODES (TerraBrasilis)",https://terrabrasilis.dpi.inpe.br/app/prodes/dashboard/deforestation/files/rates2025.json,ago/2010–jul/2011 (ano PRODES 2011),2010-08-01,2011-07-31,observado,2026-10-06,nao,Taxa anual consolidada estimada pelo INPE por imagens de satélite (corte raso). Soma das taxas dos 9 estados da Amazônia Legal no arquivo do painel TerraBrasilis (atualização de 2026-08-07); transformação em coleta/prodes_amazonia.py.
Taxa de desmatamento PRODES,Amazônia Legal,2012,4571,km²/ano,"INPE, PRODES (TerraBrasilis)",https://terrabrasilis.dpi.inpe.br/app/prodes/dashboard/deforestation/files/rates2025.json,ago/2011–jul/2012 (ano PRODES 2012),2011-08-01,2012-07-31,observado,2026-10-06,nao,Taxa anual consolidada estimada pelo INPE por imagens de satélite (corte raso). Soma das taxas dos 9 estados da Amazônia Legal no arquivo do painel TerraBrasilis (atualização de 2026-08-07); transformação em coleta/prodes_amazonia.py.
Taxa de desmatamento PRODES,Amazônia Legal,2013,5891,km²/ano,"INPE, PRODES (TerraBrasilis)",https://terrabrasilis.dpi.inpe.br/app/prodes/dashboard/deforestation/files/rates2025.json,ago/2012–jul/2013 (ano PRODES 2013),2012-08-01,2013-07-31,observado,2026-10-06,nao,Taxa anual consolidada estimada pelo INPE por imagens de satélite (corte raso). Soma das taxas dos 9 estados da Amazônia Legal no arquivo do painel TerraBrasilis (atualização de 2026-08-07); transformação em coleta/prodes_amazonia.py.
Taxa de desmatamento PRODES,Amazônia Legal,2014,5012,km²/ano,"INPE, PRODES (TerraBrasilis)",https://terrabrasilis.dpi.inpe.br/app/prodes/dashboard/deforestation/files/rates2025.json,ago/2013–jul/2014 (ano PRODES 2014),2013-08-01,2014-07-31,observado,2026-10-06,nao,Taxa anual consolidada estimada pelo INPE por imagens de satélite (corte raso). Soma das taxas dos 9 estados da Amazônia Legal no arquivo do painel TerraBrasilis (atualização de 2026-08-07); transformação em coleta/prodes_amazonia.py.
Taxa de desmatamento PRODES,Amazônia Legal,2015,6207,km²/ano,"INPE, PRODES (TerraBrasilis)",https://terrabrasilis.dpi.inpe.br/app/prodes/dashboard/deforestation/files/rates2025.json,ago/2014–jul/2015 (ano PRODES 2015),2014-08-01,2015-07-31,observado,2026-10-06,nao,Taxa anual consolidada estimada pelo INPE por imagens de satélite (corte raso). Soma das taxas dos 9 estados da Amazônia Legal no arquivo do painel TerraBrasilis (atualização de 2026-08-07); transformação em coleta/prodes_amazonia.py.
Taxa de desmatamento PRODES,Amazônia Legal,2016,7893,km²/ano,"INPE, PRODES (TerraBrasilis)",https://terrabrasilis.dpi.inpe.br/app/prodes/dashboard/deforestation/files/rates2025.json,ago/2015–jul/2016 (ano PRODES 2016),2015-08-01,2016-07-31,observado,2026-10-06,nao,Taxa anual consolidada estimada pelo INPE por imagens de satélite (corte raso). Soma das taxas dos 9 estados da Amazônia Legal no arquivo do painel TerraBrasilis (atualização de 2026-08-07); transformação em coleta/prodes_amazonia.py.
Taxa de desmatamento PRODES,Amazônia Legal,2017,6947,km²/ano,"INPE, PRODES (TerraBrasilis)",https://terrabrasilis.dpi.inpe.br/app/prodes/dashboard/deforestation/files/rates2025.json,ago/2016–jul/2017 (ano PRODES 2017),2016-08-01,2017-07-31,observado,2026-10-06,nao,Taxa anual consolidada estimada pelo INPE por imagens de satélite (corte raso). Soma das taxas dos 9 estados da Amazônia Legal no arquivo do painel TerraBrasilis (atualização de 2026-08-07); transformação em coleta/prodes_amazonia.py.
Taxa de desmatamento PRODES,Amazônia Legal,2018,7536,km²/ano,"INPE, PRODES (TerraBrasilis)",https://terrabrasilis.dpi.inpe.br/app/prodes/dashboard/deforestation/files/rates2025.json,ago/2017–jul/2018 (ano PRODES 2018),2017-08-01,2018-07-31,observado,2026-10-06,nao,Taxa anual consolidada estimada pelo INPE por imagens de satélite (corte raso). Soma das taxas dos 9 estados da Amazônia Legal no arquivo do painel TerraBrasilis (atualização de 2026-08-07); transformação em coleta/prodes_amazonia.py.
Taxa de desmatamento PRODES,Amazônia Legal,2019,10129,km²/ano,"INPE, PRODES (TerraBrasilis)",https://terrabrasilis.dpi.inpe.br/app/prodes/dashboard/deforestation/files/rates2025.json,ago/2018–jul/2019 (ano PRODES 2019),2018-08-01,2019-07-31,observado,2026-10-06,nao,Taxa anual consolidada estimada pelo INPE por imagens de satélite (corte raso). Soma das taxas dos 9 estados da Amazônia Legal no arquivo do painel TerraBrasilis (atualização de 2026-08-07); transformação em coleta/prodes_amazonia.py.
Taxa de desmatamento PRODES,Amazônia Legal,2020,10851,km²/ano,"INPE, PRODES (TerraBrasilis)",https://terrabrasilis.dpi.inpe.br/app/prodes/dashboard/deforestation/files/rates2025.json,ago/2019–jul/2020 (ano PRODES 2020),2019-08-01,2020-07-31,observado,2026-10-06,nao,Taxa anual consolidada estimada pelo INPE por imagens de satélite (corte raso). Soma das taxas dos 9 estados da Amazônia Legal no arquivo do painel TerraBrasilis (atualização de 2026-08-07); transformação em coleta/prodes_amazonia.py.
Taxa de desmatamento PRODES,Amazônia Legal,2021,13038,km²/ano,"INPE, PRODES (TerraBrasilis)",https://terrabrasilis.dpi.inpe.br/app/prodes/dashboard/deforestation/files/rates2025.json,ago/2020–jul/2021 (ano PRODES 2021),2020-08-01,2021-07-31,observado,2026-10-06,nao,Taxa anual consolidada estimada pelo INPE por imagens de satélite (corte raso). Soma das taxas dos 9 estados da Amazônia Legal no arquivo do painel TerraBrasilis (atualização de 2026-08-07); transformação em coleta/prodes_amazonia.py.
Taxa de desmatamento PRODES,Amazônia Legal,2022,11594,km²/ano,"INPE, PRODES (TerraBrasilis)",https://terrabrasilis.dpi.inpe.br/app/prodes/dashboard/deforestation/files/rates2025.json,ago/2021–jul/2022 (ano PRODES 2022),2021-08-01,2022-07-31,observado,2026-10-06,nao,Taxa anual consolidada estimada pelo INPE por imagens de satélite (corte raso). Soma das taxas dos 9 estados da Amazônia Legal no arquivo do painel TerraBrasilis (atualização de 2026-08-07); transformação em coleta/prodes_amazonia.py.
Taxa de desmatamento PRODES,Amazônia Legal,2023,9064,km²/ano,"INPE, PRODES (TerraBrasilis)",https://terrabrasilis.dpi.inpe.br/app/prodes/dashboard/deforestation/files/rates2025.json,ago/2022–jul/2023 (ano PRODES 2023),2022-08-01,2023-07-31,observado,2026-10-06,nao,Taxa anual consolidada estimada pelo INPE por imagens de satélite (corte raso). Soma das taxas dos 9 estados da Amazônia Legal no arquivo do painel TerraBrasilis (atualização de 2026-08-07); transformação em coleta/prodes_amazonia.py.
Taxa de desmatamento PRODES,Amazônia Legal,2024,6518,km²/ano,"INPE, PRODES (TerraBrasilis)",https://terrabrasilis.dpi.inpe.br/app/prodes/dashboard/deforestation/files/rates2025.json,ago/2023–jul/2024 (ano PRODES 2024),2023-08-01,2024-07-31,observado,2026-10-06,nao,Taxa anual consolidada estimada pelo INPE por imagens de satélite (corte raso). Soma das taxas dos 9 estados da Amazônia Legal no arquivo do painel TerraBrasilis (atualização de 2026-08-07); transformação em coleta/prodes_amazonia.py.
Taxa de desmatamento PRODES,Amazônia Legal,2025,5731,km²/ano,"INPE, PRODES (TerraBrasilis)",https://terrabrasilis.dpi.inpe.br/app/prodes/dashboard/deforestation/files/rates2025.json,ago/2024–jul/2025 (ano PRODES 2025),2024-08-01,2025-07-31,observado,2026-10-06,nao,Taxa anual consolidada estimada pelo INPE por imagens de satélite (corte raso). Soma das taxas dos 9 estados da Amazônia Legal no arquivo do painel TerraBrasilis (atualização de 2026-08-07); transformação em coleta/prodes_amazonia.py.
Inflação (IPCA) acumulada no ano,Brasil,2002,12.53,% no ano,"IBGE, IPCA (SIDRA, tabela 1737)",https://sidra.ibge.gov.br/tabela/1737,jan–dez/2002,2002-01-01,2002-12-31,observado,2026-10-06,nao,"Variação acumulada no ano (variável 69), conferida contra o número-índice (variável 2266, base dez/1993=100). Só anos completos; transformação em coleta/ipca.py."
Inflação (IPCA) acumulada no ano,Brasil,2003,9.30,% no ano,"IBGE, IPCA (SIDRA, tabela 1737)",https://sidra.ibge.gov.br/tabela/1737,jan–dez/2003,2003-01-01,2003-12-31,observado,2026-10-06,nao,"Variação acumulada no ano (variável 69), conferida contra o número-índice (variável 2266, base dez/1993=100). Só anos completos; transformação em coleta/ipca.py."
Inflação (IPCA) acumulada no ano,Brasil,2004,7.60,% no ano,"IBGE, IPCA (SIDRA, tabela 1737)",https://sidra.ibge.gov.br/tabela/1737,jan–dez/2004,2004-01-01,2004-12-31,observado,2026-10-06,nao,"Variação acumulada no ano (variável 69), conferida contra o número-índice (variável 2266, base dez/1993=100). Só anos completos; transformação em coleta/ipca.py."
Inflação (IPCA) acumulada no ano,Brasil,2005,5.69,% no ano,"IBGE, IPCA (SIDRA, tabela 1737)",https://sidra.ibge.gov.br/tabela/1737,jan–dez/2005,2005-01-01,2005-12-31,observado,2026-10-06,nao,"Variação acumulada no ano (variável 69), conferida contra o número-índice (variável 2266, base dez/1993=100). Só anos completos; transformação em coleta/ipca.py."
Inflação (IPCA) acumulada no ano,Brasil,2006,3.14,% no ano,"IBGE, IPCA (SIDRA, tabela 1737)",https://sidra.ibge.gov.br/tabela/1737,jan–dez/2006,2006-01-01,2006-12-31,observado,2026-10-06,nao,"Variação acumulada no ano (variável 69), conferida contra o número-índice (variável 2266, base dez/1993=100). Só anos completos; transformação em coleta/ipca.py."
Inflação (IPCA) acumulada no ano,Brasil,2007,4.46,% no ano,"IBGE, IPCA (SIDRA, tabela 1737)",https://sidra.ibge.gov.br/tabela/1737,jan–dez/2007,2007-01-01,2007-12-31,observado,2026-10-06,nao,"Variação acumulada no ano (variável 69), conferida contra o número-índice (variável 2266, base dez/1993=100). Só anos completos; transformação em coleta/ipca.py."
Inflação (IPCA) acumulada no ano,Brasil,2008,5.90,% no ano,"IBGE, IPCA (SIDRA, tabela 1737)",https://sidra.ibge.gov.br/tabela/1737,jan–dez/2008,2008-01-01,2008-12-31,observado,2026-10-06,nao,"Variação acumulada no ano (variável 69), conferida contra o número-índice (variável 2266, base dez/1993=100). Só anos completos; transformação em coleta/ipca.py."
Inflação (IPCA) acumulada no ano,Brasil,2009,4.31,% no ano,"IBGE, IPCA (SIDRA, tabela 1737)",https://sidra.ibge.gov.br/tabela/1737,jan–dez/2009,2009-01-01,2009-12-31,observado,2026-10-06,nao,"Variação acumulada no ano (variável 69), conferida contra o número-índice (variável 2266, base dez/1993=100). Só anos completos; transformação em coleta/ipca.py."
Inflação (IPCA) acumulada no ano,Brasil,2010,5.91,% no ano,"IBGE, IPCA (SIDRA, tabela 1737)",https://sidra.ibge.gov.br/tabela/1737,jan–dez/2010,2010-01-01,2010-12-31,observado,2026-10-06,nao,"Variação acumulada no ano (variável 69), conferida contra o número-índice (variável 2266, base dez/1993=100). Só anos completos; transformação em coleta/ipca.py."
Inflação (IPCA) acumulada no ano,Brasil,2011,6.50,% no ano,"IBGE, IPCA (SIDRA, tabela 1737)",https://sidra.ibge.gov.br/tabela/1737,jan–dez/2011,2011-01-01,2011-12-31,observado,2026-10-06,nao,"Variação acumulada no ano (variável 69), conferida contra o número-índice (variável 2266, base dez/1993=100). Só anos completos; transformação em coleta/ipca.py."
Inflação (IPCA) acumulada no ano,Brasil,2012,5.84,% no ano,"IBGE, IPCA (SIDRA, tabela 1737)",https://sidra.ibge.gov.br/tabela/1737,jan–dez/2012,2012-01-01,2012-12-31,observado,2026-10-06,nao,"Variação acumulada no ano (variável 69), conferida contra o número-índice (variável 2266, base dez/1993=100). Só anos completos; transformação em coleta/ipca.py."
Inflação (IPCA) acumulada no ano,Brasil,2013,5.91,% no ano,"IBGE, IPCA (SIDRA, tabela 1737)",https://sidra.ibge.gov.br/tabela/1737,jan–dez/2013,2013-01-01,2013-12-31,observado,2026-10-06,nao,"Variação acumulada no ano (variável 69), conferida contra o número-índice (variável 2266, base dez/1993=100). Só anos completos; transformação em coleta/ipca.py."
Inflação (IPCA) acumulada no ano,Brasil,2014,6.41,% no ano,"IBGE, IPCA (SIDRA, tabela 1737)",https://sidra.ibge.gov.br/tabela/1737,jan–dez/2014,2014-01-01,2014-12-31,observado,2026-10-06,nao,"Variação acumulada no ano (variável 69), conferida contra o número-índice (variável 2266, base dez/1993=100). Só anos completos; transformação em coleta/ipca.py."
Inflação (IPCA) acumulada no ano,Brasil,2015,10.67,% no ano,"IBGE, IPCA (SIDRA, tabela 1737)",https://sidra.ibge.gov.br/tabela/1737,jan–dez/2015,2015-01-01,2015-12-31,observado,2026-10-06,nao,"Variação acumulada no ano (variável 69), conferida contra o número-índice (variável 2266, base dez/1993=100). Só anos completos; transformação em coleta/ipca.py."
Inflação (IPCA) acumulada no ano,Brasil,2016,6.29,% no ano,"IBGE, IPCA (SIDRA, tabela 1737)",https://sidra.ibge.gov.br/tabela/1737,jan–dez/2016,2016-01-01,2016-12-31,observado,2026-10-06,nao,"Variação acumulada no ano (variável 69), conferida contra o número-índice (variável 2266, base dez/1993=100). Só anos completos; transformação em coleta/ipca.py."
Inflação (IPCA) acumulada no ano,Brasil,2017,2.95,% no ano,"IBGE, IPCA (SIDRA, tabela 1737)",https://sidra.ibge.gov.br/tabela/1737,jan–dez/2017,2017-01-01,2017-12-31,observado,2026-10-06,nao,"Variação acumulada no ano (variável 69), conferida contra o número-índice (variável 2266, base dez/1993=100). Só anos completos; transformação em coleta/ipca.py."
Inflação (IPCA) acumulada no ano,Brasil,2018,3.75,% no ano,"IBGE, IPCA (SIDRA, tabela 1737)",https://sidra.ibge.gov.br/tabela/1737,jan–dez/2018,2018-01-01,2018-12-31,observado,2026-10-06,nao,"Variação acumulada no ano (variável 69), conferida contra o número-índice (variável 2266, base dez/1993=100). Só anos completos; transformação em coleta/ipca.py."
Inflação (IPCA) acumulada no ano,Brasil,2019,4.31,% no ano,"IBGE, IPCA (SIDRA, tabela 1737)",https://sidra.ibge.gov.br/tabela/1737,jan–dez/2019,2019-01-01,2019-12-31,observado,2026-10-06,nao,"Variação acumulada no ano (variável 69), conferida contra o número-índice (variável 2266, base dez/1993=100). Só anos completos; transformação em coleta/ipca.py."
Inflação (IPCA) acumulada no ano,Brasil,2020,4.52,% no ano,"IBGE, IPCA (SIDRA, tabela 1737)",https://sidra.ibge.gov.br/tabela/1737,jan–dez/2020,2020-01-01,2020-12-31,observado,2026-10-06,nao,"Variação acumulada no ano (variável 69), conferida contra o número-índice (variável 2266, base dez/1993=100). Só anos completos; transformação em coleta/ipca.py."
Inflação (IPCA) acumulada no ano,Brasil,2021,10.06,% no ano,"IBGE, IPCA (SIDRA, tabela 1737)",https://sidra.ibge.gov.br/tabela/1737,jan–dez/2021,2021-01-01,2021-12-31,observado,2026-10-06,nao,"Variação acumulada no ano (variável 69), conferida contra o número-índice (variável 2266, base dez/1993=100). Só anos completos; transformação em coleta/ipca.py."
Inflação (IPCA) acumulada no ano,Brasil,2022,5.79,% no ano,"IBGE, IPCA (SIDRA, tabela 1737)",https://sidra.ibge.gov.br/tabela/1737,jan–dez/2022,2022-01-01,2022-12-31,observado,2026-10-06,nao,"Variação acumulada no ano (variável 69), conferida contra o número-índice (variável 2266, base dez/1993=100). Só anos completos; transformação em coleta/ipca.py."
Inflação (IPCA) acumulada no ano,Brasil,2023,4.62,% no ano,"IBGE, IPCA (SIDRA, tabela 1737)",https://sidra.ibge.gov.br/tabela/1737,jan–dez/2023,2023-01-01,2023-12-31,observado,2026-10-06,nao,"Variação acumulada no ano (variável 69), conferida contra o número-índice (variável 2266, base dez/1993=100). Só anos completos; transformação em coleta/ipca.py."
Inflação (IPCA) acumulada no ano,Brasil,2024,4.83,% no ano,"IBGE, IPCA (SIDRA, tabela 1737)",https://sidra.ibge.gov.br/tabela/1737,jan–dez/2024,2024-01-01,2024-12-31,observado,2026-10-06,nao,"Variação acumulada no ano (variável 69), conferida contra o número-índice (variável 2266, base dez/1993=100). Só anos completos; transformação em coleta/ipca.py."
Inflação (IPCA) acumulada no ano,Brasil,2025,4.26,% no ano,"IBGE, IPCA (SIDRA, tabela 1737)",https://sidra.ibge.gov.br/tabela/1737,jan–dez/2025,2025-01-01,2025-12-31,observado,2026-10-06,nao,"Variação acumulada no ano (variável 69), conferida contra o número-índice (variável 2266, base dez/1993=100). Só anos completos; transformação em coleta/ipca.py."
PIB: variação real anual,Brasil,2002,3.1,% em relação ao ano anterior,"IBGE, Contas Nacionais Anuais (SIDRA, tabela 6784)",https://sidra.ibge.gov.br/tabela/6784,jan–dez/2002,2002-01-01,2002-12-31,observado,2026-10-06,nao,Variação em volume do Sistema de Contas Nacionais anual (dado consolidado). Transformação em coleta/pib.py.
PIB: variação real anual,Brasil,2003,1.1,% em relação ao ano anterior,"IBGE, Contas Nacionais Anuais (SIDRA, tabela 6784)",https://sidra.ibge.gov.br/tabela/6784,jan–dez/2003,2003-01-01,2003-12-31,observado,2026-10-06,nao,Variação em volume do Sistema de Contas Nacionais anual (dado consolidado). Transformação em coleta/pib.py.
PIB: variação real anual,Brasil,2004,5.8,% em relação ao ano anterior,"IBGE, Contas Nacionais Anuais (SIDRA, tabela 6784)",https://sidra.ibge.gov.br/tabela/6784,jan–dez/2004,2004-01-01,2004-12-31,observado,2026-10-06,nao,Variação em volume do Sistema de Contas Nacionais anual (dado consolidado). Transformação em coleta/pib.py.
PIB: variação real anual,Brasil,2005,3.2,% em relação ao ano anterior,"IBGE, Contas Nacionais Anuais (SIDRA, tabela 6784)",https://sidra.ibge.gov.br/tabela/6784,jan–dez/2005,2005-01-01,2005-12-31,observado,2026-10-06,nao,Variação em volume do Sistema de Contas Nacionais anual (dado consolidado). Transformação em coleta/pib.py.
PIB: variação real anual,Brasil,2006,4.0,% em relação ao ano anterior,"IBGE, Contas Nacionais Anuais (SIDRA, tabela 6784)",https://sidra.ibge.gov.br/tabela/6784,jan–dez/2006,2006-01-01,2006-12-31,observado,2026-10-06,nao,Variação em volume do Sistema de Contas Nacionais anual (dado consolidado). Transformação em coleta/pib.py.
PIB: variação real anual,Brasil,2007,6.1,% em relação ao ano anterior,"IBGE, Contas Nacionais Anuais (SIDRA, tabela 6784)",https://sidra.ibge.gov.br/tabela/6784,jan–dez/2007,2007-01-01,2007-12-31,observado,2026-10-06,nao,Variação em volume do Sistema de Contas Nacionais anual (dado consolidado). Transformação em coleta/pib.py.
PIB: variação real anual,Brasil,2008,5.1,% em relação ao ano anterior,"IBGE, Contas Nacionais Anuais (SIDRA, tabela 6784)",https://sidra.ibge.gov.br/tabela/6784,jan–dez/2008,2008-01-01,2008-12-31,observado,2026-10-06,nao,Variação em volume do Sistema de Contas Nacionais anual (dado consolidado). Transformação em coleta/pib.py.
PIB: variação real anual,Brasil,2009,-0.1,% em relação ao ano anterior,"IBGE, Contas Nacionais Anuais (SIDRA, tabela 6784)",https://sidra.ibge.gov.br/tabela/6784,jan–dez/2009,2009-01-01,2009-12-31,observado,2026-10-06,nao,Variação em volume do Sistema de Contas Nacionais anual (dado consolidado). Transformação em coleta/pib.py.
PIB: variação real anual,Brasil,2010,7.5,% em relação ao ano anterior,"IBGE, Contas Nacionais Anuais (SIDRA, tabela 6784)",https://sidra.ibge.gov.br/tabela/6784,jan–dez/2010,2010-01-01,2010-12-31,observado,2026-10-06,nao,Variação em volume do Sistema de Contas Nacionais anual (dado consolidado). Transformação em coleta/pib.py.
PIB: variação real anual,Brasil,2011,4.0,% em relação ao ano anterior,"IBGE, Contas Nacionais Anuais (SIDRA, tabela 6784)",https://sidra.ibge.gov.br/tabela/6784,jan–dez/2011,2011-01-01,2011-12-31,observado,2026-10-06,nao,Variação em volume do Sistema de Contas Nacionais anual (dado consolidado). Transformação em coleta/pib.py.
PIB: variação real anual,Brasil,2012,1.9,% em relação ao ano anterior,"IBGE, Contas Nacionais Anuais (SIDRA, tabela 6784)",https://sidra.ibge.gov.br/tabela/6784,jan–dez/2012,2012-01-01,2012-12-31,observado,2026-10-06,nao,Variação em volume do Sistema de Contas Nacionais anual (dado consolidado). Transformação em coleta/pib.py.
PIB: variação real anual,Brasil,2013,3.0,% em relação ao ano anterior,"IBGE, Contas Nacionais Anuais (SIDRA, tabela 6784)",https://sidra.ibge.gov.br/tabela/6784,jan–dez/2013,2013-01-01,2013-12-31,observado,2026-10-06,nao,Variação em volume do Sistema de Contas Nacionais anual (dado consolidado). Transformação em coleta/pib.py.
PIB: variação real anual,Brasil,2014,0.5,% em relação ao ano anterior,"IBGE, Contas Nacionais Anuais (SIDRA, tabela 6784)",https://sidra.ibge.gov.br/tabela/6784,jan–dez/2014,2014-01-01,2014-12-31,observado,2026-10-06,nao,Variação em volume do Sistema de Contas Nacionais anual (dado consolidado). Transformação em coleta/pib.py.
PIB: variação real anual,Brasil,2015,-3.5,% em relação ao ano anterior,"IBGE, Contas Nacionais Anuais (SIDRA, tabela 6784)",https://sidra.ibge.gov.br/tabela/6784,jan–dez/2015,2015-01-01,2015-12-31,observado,2026-10-06,nao,Variação em volume do Sistema de Contas Nacionais anual (dado consolidado). Transformação em coleta/pib.py.
PIB: variação real anual,Brasil,2016,-3.3,% em relação ao ano anterior,"IBGE, Contas Nacionais Anuais (SIDRA, tabela 6784)",https://sidra.ibge.gov.br/tabela/6784,jan–dez/2016,2016-01-01,2016-12-31,observado,2026-10-06,nao,Variação em volume do Sistema de Contas Nacionais anual (dado consolidado). Transformação em coleta/pib.py.
PIB: variação real anual,Brasil,2017,1.3,% em relação ao ano anterior,"IBGE, Contas Nacionais Anuais (SIDRA, tabela 6784)",https://sidra.ibge.gov.br/tabela/6784,jan–dez/2017,2017-01-01,2017-12-31,observado,2026-10-06,nao,Variação em volume do Sistema de Contas Nacionais anual (dado consolidado). Transformação em coleta/pib.py.
PIB: variação real anual,Brasil,2018,1.7,% em relação ao ano anterior,"IBGE, Contas Nacionais Anuais (SIDRA, tabela 6784)",https://sidra.ibge.gov.br/tabela/6784,jan–dez/2018,2018-01-01,2018-12-31,observado,2026-10-06,nao,Variação em volume do Sistema de Contas Nacionais anual (dado consolidado). Transformação em coleta/pib.py.
PIB: variação real anual,Brasil,2019,1.3,% em relação ao ano anterior,"IBGE, Contas Nacionais Anuais (SIDRA, tabela 6784)",https://sidra.ibge.gov.br/tabela/6784,jan–dez/2019,2019-01-01,2019-12-31,observado,2026-10-06,nao,Variação em volume do Sistema de Contas Nacionais anual (dado consolidado). Transformação em coleta/pib.py.
PIB: variação real anual,Brasil,2020,-3.3,% em relação ao ano anterior,"IBGE, Contas Nacionais Anuais (SIDRA, tabela 6784)",https://sidra.ibge.gov.br/tabela/6784,jan–dez/2020,2020-01-01,2020-12-31,observado,2026-10-06,nao,Variação em volume do Sistema de Contas Nacionais anual (dado consolidado). Transformação em coleta/pib.py.
PIB: variação real anual,Brasil,2021,4.8,% em relação ao ano anterior,"IBGE, Contas Nacionais Anuais (SIDRA, tabela 6784)",https://sidra.ibge.gov.br/tabela/6784,jan–dez/2021,2021-01-01,2021-12-31,observado,2026-10-06,nao,Variação em volume do Sistema de Contas Nacionais anual (dado consolidado). Transformação em coleta/pib.py.
PIB: variação real anual,Brasil,2022,3.0,% em relação ao ano anterior,"IBGE, Contas Nacionais Anuais (SIDRA, tabela 6784)",https://sidra.ibge.gov.br/tabela/6784,jan–dez/2022,2022-01-01,2022-12-31,observado,2026-10-06,nao,Variação em volume do Sistema de Contas Nacionais anual (dado consolidado). Transformação em coleta/pib.py.
PIB: variação real anual,Brasil,2023,3.2,% em relação ao ano anterior,"IBGE, Contas Nacionais Anuais (SIDRA, tabela 6784)",https://sidra.ibge.gov.br/tabela/6784,jan–dez/2023,2023-01-01,2023-12-31,observado,2026-10-06,nao,Variação em volume do Sistema de Contas Nacionais anual (dado consolidado). Transformação em coleta/pib.py.
PIB: variação real anual,Brasil,2024,3.4,% em relação ao ano anterior,"IBGE, Contas Nacionais Trimestrais (SIDRA, tabela 5932)",https://sidra.ibge.gov.br/tabela/5932,jan–dez/2024,2024-01-01,2024-12-31,preliminar,2026-10-06,nao,"Taxa acumulada no ano até o 4º trimestre (variável 6563), primeira estimativa anual; será substituída pela conta anual quando publicada. Transformação em coleta/pib.py."
PIB: variação real anual,Brasil,2025,2.3,% em relação ao ano anterior,"IBGE, Contas Nacionais Trimestrais (SIDRA, tabela 5932)",https://sidra.ibge.gov.br/tabela/5932,jan–dez/2025,2025-01-01,2025-12-31,preliminar,2026-10-06,nao,"Taxa acumulada no ano até o 4º trimestre (variável 6563), primeira estimativa anual; será substituída pela conta anual quando publicada. Transformação em coleta/pib.py."
PIB per capita: variação real anual,Brasil,2002,1.8,% em relação ao ano anterior,"IBGE, Contas Nacionais Anuais (SIDRA, tabela 6784)",https://sidra.ibge.gov.br/tabela/6784,jan–dez/2002,2002-01-01,2002-12-31,observado,2026-10-06,nao,Variação em volume do Sistema de Contas Nacionais anual (dado consolidado). Transformação em coleta/pib.py.
PIB per capita: variação real anual,Brasil,2003,-0.1,% em relação ao ano anterior,"IBGE, Contas Nacionais Anuais (SIDRA, tabela 6784)",https://sidra.ibge.gov.br/tabela/6784,jan–dez/2003,2003-01-01,2003-12-31,observado,2026-10-06,nao,Variação em volume do Sistema de Contas Nacionais anual (dado consolidado). Transformação em coleta/pib.py.
PIB per capita: variação real anual,Brasil,2004,4.6,% em relação ao ano anterior,"IBGE, Contas Nacionais Anuais (SIDRA, tabela 6784)",https://sidra.ibge.gov.br/tabela/6784,jan–dez/2004,2004-01-01,2004-12-31,observado,2026-10-06,nao,Variação em volume do Sistema de Contas Nacionais anual (dado consolidado). Transformação em coleta/pib.py.
PIB per capita: variação real anual,Brasil,2005,2.1,% em relação ao ano anterior,"IBGE, Contas Nacionais Anuais (SIDRA, tabela 6784)",https://sidra.ibge.gov.br/tabela/6784,jan–dez/2005,2005-01-01,2005-12-31,observado,2026-10-06,nao,Variação em volume do Sistema de Contas Nacionais anual (dado consolidado). Transformação em coleta/pib.py.
PIB per capita: variação real anual,Brasil,2006,2.8,% em relação ao ano anterior,"IBGE, Contas Nacionais Anuais (SIDRA, tabela 6784)",https://sidra.ibge.gov.br/tabela/6784,jan–dez/2006,2006-01-01,2006-12-31,observado,2026-10-06,nao,Variação em volume do Sistema de Contas Nacionais anual (dado consolidado). Transformação em coleta/pib.py.
PIB per capita: variação real anual,Brasil,2007,5.0,% em relação ao ano anterior,"IBGE, Contas Nacionais Anuais (SIDRA, tabela 6784)",https://sidra.ibge.gov.br/tabela/6784,jan–dez/2007,2007-01-01,2007-12-31,observado,2026-10-06,nao,Variação em volume do Sistema de Contas Nacionais anual (dado consolidado). Transformação em coleta/pib.py.
PIB per capita: variação real anual,Brasil,2008,4.1,% em relação ao ano anterior,"IBGE, Contas Nacionais Anuais (SIDRA, tabela 6784)",https://sidra.ibge.gov.br/tabela/6784,jan–dez/2008,2008-01-01,2008-12-31,observado,2026-10-06,nao,Variação em volume do Sistema de Contas Nacionais anual (dado consolidado). Transformação em coleta/pib.py.
PIB per capita: variação real anual,Brasil,2009,-1.1,% em relação ao ano anterior,"IBGE, Contas Nacionais Anuais (SIDRA, tabela 6784)",https://sidra.ibge.gov.br/tabela/6784,jan–dez/2009,2009-01-01,2009-12-31,observado,2026-10-06,nao,Variação em volume do Sistema de Contas Nacionais anual (dado consolidado). Transformação em coleta/pib.py.
PIB per capita: variação real anual,Brasil,2010,6.7,% em relação ao ano anterior,"IBGE, Contas Nacionais Anuais (SIDRA, tabela 6784)",https://sidra.ibge.gov.br/tabela/6784,jan–dez/2010,2010-01-01,2010-12-31,observado,2026-10-06,nao,Variação em volume do Sistema de Contas Nacionais anual (dado consolidado). Transformação em coleta/pib.py.
PIB per capita: variação real anual,Brasil,2011,3.2,% em relação ao ano anterior,"IBGE, Contas Nacionais Anuais (SIDRA, tabela 6784)",https://sidra.ibge.gov.br/tabela/6784,jan–dez/2011,2011-01-01,2011-12-31,observado,2026-10-06,nao,Variação em volume do Sistema de Contas Nacionais anual (dado consolidado). Transformação em coleta/pib.py.
PIB per capita: variação real anual,Brasil,2012,1.1,% em relação ao ano anterior,"IBGE, Contas Nacionais Anuais (SIDRA, tabela 6784)",https://sidra.ibge.gov.br/tabela/6784,jan–dez/2012,2012-01-01,2012-12-31,observado,2026-10-06,nao,Variação em volume do Sistema de Contas Nacionais anual (dado consolidado). Transformação em coleta/pib.py.
PIB per capita: variação real anual,Brasil,2013,2.2,% em relação ao ano anterior,"IBGE, Contas Nacionais Anuais (SIDRA, tabela 6784)",https://sidra.ibge.gov.br/tabela/6784,jan–dez/2013,2013-01-01,2013-12-31,observado,2026-10-06,nao,Variação em volume do Sistema de Contas Nacionais anual (dado consolidado). Transformação em coleta/pib.py.
PIB per capita: variação real anual,Brasil,2014,-0.3,% em relação ao ano anterior,"IBGE, Contas Nacionais Anuais (SIDRA, tabela 6784)",https://sidra.ibge.gov.br/tabela/6784,jan–dez/2014,2014-01-01,2014-12-31,observado,2026-10-06,nao,Variação em volume do Sistema de Contas Nacionais anual (dado consolidado). Transformação em coleta/pib.py.
PIB per capita: variação real anual,Brasil,2015,-4.3,% em relação ao ano anterior,"IBGE, Contas Nacionais Anuais (SIDRA, tabela 6784)",https://sidra.ibge.gov.br/tabela/6784,jan–dez/2015,2015-01-01,2015-12-31,observado,2026-10-06,nao,Variação em volume do Sistema de Contas Nacionais anual (dado consolidado). Transformação em coleta/pib.py.
PIB per capita: variação real anual,Brasil,2016,-4.0,% em relação ao ano anterior,"IBGE, Contas Nacionais Anuais (SIDRA, tabela 6784)",https://sidra.ibge.gov.br/tabela/6784,jan–dez/2016,2016-01-01,2016-12-31,observado,2026-10-06,nao,Variação em volume do Sistema de Contas Nacionais anual (dado consolidado). Transformação em coleta/pib.py.
PIB per capita: variação real anual,Brasil,2017,0.6,% em relação ao ano anterior,"IBGE, Contas Nacionais Anuais (SIDRA, tabela 6784)",https://sidra.ibge.gov.br/tabela/6784,jan–dez/2017,2017-01-01,2017-12-31,observado,2026-10-06,nao,Variação em volume do Sistema de Contas Nacionais anual (dado consolidado). Transformação em coleta/pib.py.
PIB per capita: variação real anual,Brasil,2018,1.0,% em relação ao ano anterior,"IBGE, Contas Nacionais Anuais (SIDRA, tabela 6784)",https://sidra.ibge.gov.br/tabela/6784,jan–dez/2018,2018-01-01,2018-12-31,observado,2026-10-06,nao,Variação em volume do Sistema de Contas Nacionais anual (dado consolidado). Transformação em coleta/pib.py.
PIB per capita: variação real anual,Brasil,2019,0.6,% em relação ao ano anterior,"IBGE, Contas Nacionais Anuais (SIDRA, tabela 6784)",https://sidra.ibge.gov.br/tabela/6784,jan–dez/2019,2019-01-01,2019-12-31,observado,2026-10-06,nao,Variação em volume do Sistema de Contas Nacionais anual (dado consolidado). Transformação em coleta/pib.py.
PIB per capita: variação real anual,Brasil,2020,-3.9,% em relação ao ano anterior,"IBGE, Contas Nacionais Anuais (SIDRA, tabela 6784)",https://sidra.ibge.gov.br/tabela/6784,jan–dez/2020,2020-01-01,2020-12-31,observado,2026-10-06,nao,Variação em volume do Sistema de Contas Nacionais anual (dado consolidado). Transformação em coleta/pib.py.
PIB per capita: variação real anual,Brasil,2021,4.3,% em relação ao ano anterior,"IBGE, Contas Nacionais Anuais (SIDRA, tabela 6784)",https://sidra.ibge.gov.br/tabela/6784,jan–dez/2021,2021-01-01,2021-12-31,observado,2026-10-06,nao,Variação em volume do Sistema de Contas Nacionais anual (dado consolidado). Transformação em coleta/pib.py.
PIB per capita: variação real anual,Brasil,2022,2.6,% em relação ao ano anterior,"IBGE, Contas Nacionais Anuais (SIDRA, tabela 6784)",https://sidra.ibge.gov.br/tabela/6784,jan–dez/2022,2022-01-01,2022-12-31,observado,2026-10-06,nao,Variação em volume do Sistema de Contas Nacionais anual (dado consolidado). Transformação em coleta/pib.py.
PIB per capita: variação real anual,Brasil,2023,2.8,% em relação ao ano anterior,"IBGE, Contas Nacionais Anuais (SIDRA, tabela 6784)",https://sidra.ibge.gov.br/tabela/6784,jan–dez/2023,2023-01-01,2023-12-31,observado,2026-10-06,nao,Variação em volume do Sistema de Contas Nacionais anual (dado consolidado). Transformação em coleta/pib.py.
Taxa de homicídios registrados,Brasil,2002,27.79,óbitos por 100 mil habitantes,"Ipea, Atlas da Violência (SIM/MS)",https://www.ipea.gov.br/atlasviolencia/dados-series/20,jan–dez/2002,2002-01-01,2002-12-31,observado,2026-10-06,nao,"Atlas da Violência/Ipea, séries 20 (SIM/Ministério da Saúde, óbitos por residência). Homicídios: CID-10 X85-Y09 e Y35; intervenção legal: subconjunto já incluído no total de homicídios. Transformação em coleta/atlas_violencia.py."
Taxa de homicídios registrados,Brasil,2003,28.41,óbitos por 100 mil habitantes,"Ipea, Atlas da Violência (SIM/MS)",https://www.ipea.gov.br/atlasviolencia/dados-series/20,jan–dez/2003,2003-01-01,2003-12-31,observado,2026-10-06,nao,"Atlas da Violência/Ipea, séries 20 (SIM/Ministério da Saúde, óbitos por residência). Homicídios: CID-10 X85-Y09 e Y35; intervenção legal: subconjunto já incluído no total de homicídios. Transformação em coleta/atlas_violencia.py."
Taxa de homicídios registrados,Brasil,2004,26.66,óbitos por 100 mil habitantes,"Ipea, Atlas da Violência (SIM/MS)",https://www.ipea.gov.br/atlasviolencia/dados-series/20,jan–dez/2004,2004-01-01,2004-12-31,observado,2026-10-06,nao,"Atlas da Violência/Ipea, séries 20 (SIM/Ministério da Saúde, óbitos por residência). Homicídios: CID-10 X85-Y09 e Y35; intervenção legal: subconjunto já incluído no total de homicídios. Transformação em coleta/atlas_violencia.py."
Taxa de homicídios registrados,Brasil,2005,25.95,óbitos por 100 mil habitantes,"Ipea, Atlas da Violência (SIM/MS)",https://www.ipea.gov.br/atlasviolencia/dados-series/20,jan–dez/2005,2005-01-01,2005-12-31,observado,2026-10-06,nao,"Atlas da Violência/Ipea, séries 20 (SIM/Ministério da Saúde, óbitos por residência). Homicídios: CID-10 X85-Y09 e Y35; intervenção legal: subconjunto já incluído no total de homicídios. Transformação em coleta/atlas_violencia.py."
Taxa de homicídios registrados,Brasil,2006,26.5,óbitos por 100 mil habitantes,"Ipea, Atlas da Violência (SIM/MS)",https://www.ipea.gov.br/atlasviolencia/dados-series/20,jan–dez/2006,2006-01-01,2006-12-31,observado,2026-10-06,nao,"Atlas da Violência/Ipea, séries 20 (SIM/Ministério da Saúde, óbitos por residência). Homicídios: CID-10 X85-Y09 e Y35; intervenção legal: subconjunto já incluído no total de homicídios. Transformação em coleta/atlas_violencia.py."
Taxa de homicídios registrados,Brasil,2007,25.45,óbitos por 100 mil habitantes,"Ipea, Atlas da Violência (SIM/MS)",https://www.ipea.gov.br/atlasviolencia/dados-series/20,jan–dez/2007,2007-01-01,2007-12-31,observado,2026-10-06,nao,"Atlas da Violência/Ipea, séries 20 (SIM/Ministério da Saúde, óbitos por residência). Homicídios: CID-10 X85-Y09 e Y35; intervenção legal: subconjunto já incluído no total de homicídios. Transformação em coleta/atlas_violencia.py."
Taxa de homicídios registrados,Brasil,2008,26.48,óbitos por 100 mil habitantes,"Ipea, Atlas da Violência (SIM/MS)",https://www.ipea.gov.br/atlasviolencia/dados-series/20,jan–dez/2008,2008-01-01,2008-12-31,observado,2026-10-06,nao,"Atlas da Violência/Ipea, séries 20 (SIM/Ministério da Saúde, óbitos por residência). Homicídios: CID-10 X85-Y09 e Y35; intervenção legal: subconjunto já incluído no total de homicídios. Transformação em coleta/atlas_violencia.py."
Taxa de homicídios registrados,Brasil,2009,26.94,óbitos por 100 mil habitantes,"Ipea, Atlas da Violência (SIM/MS)",https://www.ipea.gov.br/atlasviolencia/dados-series/20,jan–dez/2009,2009-01-01,2009-12-31,observado,2026-10-06,nao,"Atlas da Violência/Ipea, séries 20 (SIM/Ministério da Saúde, óbitos por residência). Homicídios: CID-10 X85-Y09 e Y35; intervenção legal: subconjunto já incluído no total de homicídios. Transformação em coleta/atlas_violencia.py."
Taxa de homicídios registrados,Brasil,2010,27.22,óbitos por 100 mil habitantes,"Ipea, Atlas da Violência (SIM/MS)",https://www.ipea.gov.br/atlasviolencia/dados-series/20,jan–dez/2010,2010-01-01,2010-12-31,observado,2026-10-06,nao,"Atlas da Violência/Ipea, séries 20 (SIM/Ministério da Saúde, óbitos por residência). Homicídios: CID-10 X85-Y09 e Y35; intervenção legal: subconjunto já incluído no total de homicídios. Transformação em coleta/atlas_violencia.py."
Taxa de homicídios registrados,Brasil,2011,26.92,óbitos por 100 mil habitantes,"Ipea, Atlas da Violência (SIM/MS)",https://www.ipea.gov.br/atlasviolencia/dados-series/20,jan–dez/2011,2011-01-01,2011-12-31,observado,2026-10-06,nao,"Atlas da Violência/Ipea, séries 20 (SIM/Ministério da Saúde, óbitos por residência). Homicídios: CID-10 X85-Y09 e Y35; intervenção legal: subconjunto já incluído no total de homicídios. Transformação em coleta/atlas_violencia.py."
Taxa de homicídios registrados,Brasil,2012,28.86,óbitos por 100 mil habitantes,"Ipea, Atlas da Violência (SIM/MS)",https://www.ipea.gov.br/atlasviolencia/dados-series/20,jan–dez/2012,2012-01-01,2012-12-31,observado,2026-10-06,nao,"Atlas da Violência/Ipea, séries 20 (SIM/Ministério da Saúde, óbitos por residência). Homicídios: CID-10 X85-Y09 e Y35; intervenção legal: subconjunto já incluído no total de homicídios. Transformação em coleta/atlas_violencia.py."
Taxa de homicídios registrados,Brasil,2013,28.81,óbitos por 100 mil habitantes,"Ipea, Atlas da Violência (SIM/MS)",https://www.ipea.gov.br/atlasviolencia/dados-series/20,jan–dez/2013,2013-01-01,2013-12-31,observado,2026-10-06,nao,"Atlas da Violência/Ipea, séries 20 (SIM/Ministério da Saúde, óbitos por residência). Homicídios: CID-10 X85-Y09 e Y35; intervenção legal: subconjunto já incluído no total de homicídios. Transformação em coleta/atlas_violencia.py."
Taxa de homicídios registrados,Brasil,2014,30.11,óbitos por 100 mil habitantes,"Ipea, Atlas da Violência (SIM/MS)",https://www.ipea.gov.br/atlasviolencia/dados-series/20,jan–dez/2014,2014-01-01,2014-12-31,observado,2026-10-06,nao,"Atlas da Violência/Ipea, séries 20 (SIM/Ministério da Saúde, óbitos por residência). Homicídios: CID-10 X85-Y09 e Y35; intervenção legal: subconjunto já incluído no total de homicídios. Transformação em coleta/atlas_violencia.py."
Taxa de homicídios registrados,Brasil,2015,29.19,óbitos por 100 mil habitantes,"Ipea, Atlas da Violência (SIM/MS)",https://www.ipea.gov.br/atlasviolencia/dados-series/20,jan–dez/2015,2015-01-01,2015-12-31,observado,2026-10-06,nao,"Atlas da Violência/Ipea, séries 20 (SIM/Ministério da Saúde, óbitos por residência). Homicídios: CID-10 X85-Y09 e Y35; intervenção legal: subconjunto já incluído no total de homicídios. Transformação em coleta/atlas_violencia.py."
Taxa de homicídios registrados,Brasil,2016,30.66,óbitos por 100 mil habitantes,"Ipea, Atlas da Violência (SIM/MS)",https://www.ipea.gov.br/atlasviolencia/dados-series/20,jan–dez/2016,2016-01-01,2016-12-31,observado,2026-10-06,nao,"Atlas da Violência/Ipea, séries 20 (SIM/Ministério da Saúde, óbitos por residência). Homicídios: CID-10 X85-Y09 e Y35; intervenção legal: subconjunto já incluído no total de homicídios. Transformação em coleta/atlas_violencia.py."
Taxa de homicídios registrados,Brasil,2017,31.97,óbitos por 100 mil habitantes,"Ipea, Atlas da Violência (SIM/MS)",https://www.ipea.gov.br/atlasviolencia/dados-series/20,jan–dez/2017,2017-01-01,2017-12-31,observado,2026-10-06,nao,"Atlas da Violência/Ipea, séries 20 (SIM/Ministério da Saúde, óbitos por residência). Homicídios: CID-10 X85-Y09 e Y35; intervenção legal: subconjunto já incluído no total de homicídios. Transformação em coleta/atlas_violencia.py."
Taxa de homicídios registrados,Brasil,2018,28.06,óbitos por 100 mil habitantes,"Ipea, Atlas da Violência (SIM/MS)",https://www.ipea.gov.br/atlasviolencia/dados-series/20,jan–dez/2018,2018-01-01,2018-12-31,observado,2026-10-06,nao,"Atlas da Violência/Ipea, séries 20 (SIM/Ministério da Saúde, óbitos por residência). Homicídios: CID-10 X85-Y09 e Y35; intervenção legal: subconjunto já incluído no total de homicídios. Transformação em coleta/atlas_violencia.py."
Taxa de homicídios registrados,Brasil,2019,21.89,óbitos por 100 mil habitantes,"Ipea, Atlas da Violência (SIM/MS)",https://www.ipea.gov.br/atlasviolencia/dados-series/20,jan–dez/2019,2019-01-01,2019-12-31,observado,2026-10-06,nao,"Atlas da Violência/Ipea, séries 20 (SIM/Ministério da Saúde, óbitos por residência). Homicídios: CID-10 X85-Y09 e Y35; intervenção legal: subconjunto já incluído no total de homicídios. Queda dos homicídios registrados coincide com alta das mortes violentas por causa indeterminada; ver série própria. Transformação em coleta/atlas_violencia.py."
Taxa de homicídios registrados,Brasil,2020,23.84,óbitos por 100 mil habitantes,"Ipea, Atlas da Violência (SIM/MS)",https://www.ipea.gov.br/atlasviolencia/dados-series/20,jan–dez/2020,2020-01-01,2020-12-31,observado,2026-10-06,nao,"Atlas da Violência/Ipea, séries 20 (SIM/Ministério da Saúde, óbitos por residência). Homicídios: CID-10 X85-Y09 e Y35; intervenção legal: subconjunto já incluído no total de homicídios. Transformação em coleta/atlas_violencia.py."
Taxa de homicídios registrados,Brasil,2021,22.77,óbitos por 100 mil habitantes,"Ipea, Atlas da Violência (SIM/MS)",https://www.ipea.gov.br/atlasviolencia/dados-series/20,jan–dez/2021,2021-01-01,2021-12-31,observado,2026-10-06,nao,"Atlas da Violência/Ipea, séries 20 (SIM/Ministério da Saúde, óbitos por residência). Homicídios: CID-10 X85-Y09 e Y35; intervenção legal: subconjunto já incluído no total de homicídios. Transformação em coleta/atlas_violencia.py."
Taxa de homicídios registrados,Brasil,2022,22.01,óbitos por 100 mil habitantes,"Ipea, Atlas da Violência (SIM/MS)",https://www.ipea.gov.br/atlasviolencia/dados-series/20,jan–dez/2022,2022-01-01,2022-12-31,observado,2026-10-06,nao,"Atlas da Violência/Ipea, séries 20 (SIM/Ministério da Saúde, óbitos por residência). Homicídios: CID-10 X85-Y09 e Y35; intervenção legal: subconjunto já incluído no total de homicídios. Transformação em coleta/atlas_violencia.py."
Taxa de homicídios registrados,Brasil,2023,21.61,óbitos por 100 mil habitantes,"Ipea, Atlas da Violência (SIM/MS)",https://www.ipea.gov.br/atlasviolencia/dados-series/20,jan–dez/2023,2023-01-01,2023-12-31,observado,2026-10-06,nao,"Atlas da Violência/Ipea, séries 20 (SIM/Ministério da Saúde, óbitos por residência). Homicídios: CID-10 X85-Y09 e Y35; intervenção legal: subconjunto já incluído no total de homicídios. Transformação em coleta/atlas_violencia.py."
Taxa de homicídios registrados,Brasil,2024,20.03,óbitos por 100 mil habitantes,"Ipea, Atlas da Violência (SIM/MS)",https://www.ipea.gov.br/atlasviolencia/dados-series/20,jan–dez/2024,2024-01-01,2024-12-31,observado,2026-10-06,nao,"Atlas da Violência/Ipea, séries 20 (SIM/Ministério da Saúde, óbitos por residência). Homicídios: CID-10 X85-Y09 e Y35; intervenção legal: subconjunto já incluído no total de homicídios. Taxa da API (20,03) difere da divulgada em notícia oficial do Atlas 2026 (20,1); conferir no relatório antes de validar. Transformação em coleta/atlas_violencia.py."
Mortes por intervenção legal (agentes do Estado),Brasil,2002,121,óbitos,"Ipea, Atlas da Violência (SIM/MS)",https://www.ipea.gov.br/atlasviolencia/dados-series/77,jan–dez/2002,2002-01-01,2002-12-31,observado,2026-10-06,nao,"Atlas da Violência/Ipea, séries 77 (SIM/Ministério da Saúde, óbitos por residência). Homicídios: CID-10 X85-Y09 e Y35; intervenção legal: subconjunto já incluído no total de homicídios. Transformação em coleta/atlas_violencia.py."
Mortes por intervenção legal (agentes do Estado),Brasil,2003,491,óbitos,"Ipea, Atlas da Violência (SIM/MS)",https://www.ipea.gov.br/atlasviolencia/dados-series/77,jan–dez/2003,2003-01-01,2003-12-31,observado,2026-10-06,nao,"Atlas da Violência/Ipea, séries 77 (SIM/Ministério da Saúde, óbitos por residência). Homicídios: CID-10 X85-Y09 e Y35; intervenção legal: subconjunto já incluído no total de homicídios. Salto de 121 (2002) para 491 (2003) óbitos; variações desse porte podem refletir mudança de registro, não só de ocorrência. Transformação em coleta/atlas_violencia.py."
Mortes por intervenção legal (agentes do Estado),Brasil,2004,535,óbitos,"Ipea, Atlas da Violência (SIM/MS)",https://www.ipea.gov.br/atlasviolencia/dados-series/77,jan–dez/2004,2004-01-01,2004-12-31,observado,2026-10-06,nao,"Atlas da Violência/Ipea, séries 77 (SIM/Ministério da Saúde, óbitos por residência). Homicídios: CID-10 X85-Y09 e Y35; intervenção legal: subconjunto já incluído no total de homicídios. Transformação em coleta/atlas_violencia.py."
Mortes por intervenção legal (agentes do Estado),Brasil,2005,558,óbitos,"Ipea, Atlas da Violência (SIM/MS)",https://www.ipea.gov.br/atlasviolencia/dados-series/77,jan–dez/2005,2005-01-01,2005-12-31,observado,2026-10-06,nao,"Atlas da Violência/Ipea, séries 77 (SIM/Ministério da Saúde, óbitos por residência). Homicídios: CID-10 X85-Y09 e Y35; intervenção legal: subconjunto já incluído no total de homicídios. Transformação em coleta/atlas_violencia.py."
Mortes por intervenção legal (agentes do Estado),Brasil,2006,559,óbitos,"Ipea, Atlas da Violência (SIM/MS)",https://www.ipea.gov.br/atlasviolencia/dados-series/77,jan–dez/2006,2006-01-01,2006-12-31,observado,2026-10-06,nao,"Atlas da Violência/Ipea, séries 77 (SIM/Ministério da Saúde, óbitos por residência). Homicídios: CID-10 X85-Y09 e Y35; intervenção legal: subconjunto já incluído no total de homicídios. Transformação em coleta/atlas_violencia.py."
Mortes por intervenção legal (agentes do Estado),Brasil,2007,512,óbitos,"Ipea, Atlas da Violência (SIM/MS)",https://www.ipea.gov.br/atlasviolencia/dados-series/77,jan–dez/2007,2007-01-01,2007-12-31,observado,2026-10-06,nao,"Atlas da Violência/Ipea, séries 77 (SIM/Ministério da Saúde, óbitos por residência). Homicídios: CID-10 X85-Y09 e Y35; intervenção legal: subconjunto já incluído no total de homicídios. Transformação em coleta/atlas_violencia.py."
Mortes por intervenção legal (agentes do Estado),Brasil,2008,546,óbitos,"Ipea, Atlas da Violência (SIM/MS)",https://www.ipea.gov.br/atlasviolencia/dados-series/77,jan–dez/2008,2008-01-01,2008-12-31,observado,2026-10-06,nao,"Atlas da Violência/Ipea, séries 77 (SIM/Ministério da Saúde, óbitos por residência). Homicídios: CID-10 X85-Y09 e Y35; intervenção legal: subconjunto já incluído no total de homicídios. Transformação em coleta/atlas_violencia.py."
Mortes por intervenção legal (agentes do Estado),Brasil,2009,609,óbitos,"Ipea, Atlas da Violência (SIM/MS)",https://www.ipea.gov.br/atlasviolencia/dados-series/77,jan–dez/2009,2009-01-01,2009-12-31,observado,2026-10-06,nao,"Atlas da Violência/Ipea, séries 77 (SIM/Ministério da Saúde, óbitos por residência). Homicídios: CID-10 X85-Y09 e Y35; intervenção legal: subconjunto já incluído no total de homicídios. Transformação em coleta/atlas_violencia.py."
Mortes por intervenção legal (agentes do Estado),Brasil,2010,756,óbitos,"Ipea, Atlas da Violência (SIM/MS)",https://www.ipea.gov.br/atlasviolencia/dados-series/77,jan–dez/2010,2010-01-01,2010-12-31,observado,2026-10-06,nao,"Atlas da Violência/Ipea, séries 77 (SIM/Ministério da Saúde, óbitos por residência). Homicídios: CID-10 X85-Y09 e Y35; intervenção legal: subconjunto já incluído no total de homicídios. Transformação em coleta/atlas_violencia.py."
Mortes por intervenção legal (agentes do Estado),Brasil,2011,609,óbitos,"Ipea, Atlas da Violência (SIM/MS)",https://www.ipea.gov.br/atlasviolencia/dados-series/77,jan–dez/2011,2011-01-01,2011-12-31,observado,2026-10-06,nao,"Atlas da Violência/Ipea, séries 77 (SIM/Ministério da Saúde, óbitos por residência). Homicídios: CID-10 X85-Y09 e Y35; intervenção legal: subconjunto já incluído no total de homicídios. Transformação em coleta/atlas_violencia.py."
Mortes por intervenção legal (agentes do Estado),Brasil,2012,708,óbitos,"Ipea, Atlas da Violência (SIM/MS)",https://www.ipea.gov.br/atlasviolencia/dados-series/77,jan–dez/2012,2012-01-01,2012-12-31,observado,2026-10-06,nao,"Atlas da Violência/Ipea, séries 77 (SIM/Ministério da Saúde, óbitos por residência). Homicídios: CID-10 X85-Y09 e Y35; intervenção legal: subconjunto já incluído no total de homicídios. Transformação em coleta/atlas_violencia.py."
Mortes por intervenção legal (agentes do Estado),Brasil,2013,592,óbitos,"Ipea, Atlas da Violência (SIM/MS)",https://www.ipea.gov.br/atlasviolencia/dados-series/77,jan–dez/2013,2013-01-01,2013-12-31,observado,2026-10-06,nao,"Atlas da Violência/Ipea, séries 77 (SIM/Ministério da Saúde, óbitos por residência). Homicídios: CID-10 X85-Y09 e Y35; intervenção legal: subconjunto já incluído no total de homicídios. Transformação em coleta/atlas_violencia.py."
Mortes por intervenção legal (agentes do Estado),Brasil,2014,793,óbitos,"Ipea, Atlas da Violência (SIM/MS)",https://www.ipea.gov.br/atlasviolencia/dados-series/77,jan–dez/2014,2014-01-01,2014-12-31,observado,2026-10-06,nao,"Atlas da Violência/Ipea, séries 77 (SIM/Ministério da Saúde, óbitos por residência). Homicídios: CID-10 X85-Y09 e Y35; intervenção legal: subconjunto já incluído no total de homicídios. Transformação em coleta/atlas_violencia.py."
Mortes por intervenção legal (agentes do Estado),Brasil,2015,942,óbitos,"Ipea, Atlas da Violência (SIM/MS)",https://www.ipea.gov.br/atlasviolencia/dados-series/77,jan–dez/2015,2015-01-01,2015-12-31,observado,2026-10-06,nao,"Atlas da Violência/Ipea, séries 77 (SIM/Ministério da Saúde, óbitos por residência). Homicídios: CID-10 X85-Y09 e Y35; intervenção legal: subconjunto já incluído no total de homicídios. Transformação em coleta/atlas_violencia.py."
Mortes por intervenção legal (agentes do Estado),Brasil,2016,1374,óbitos,"Ipea, Atlas da Violência (SIM/MS)",https://www.ipea.gov.br/atlasviolencia/dados-series/77,jan–dez/2016,2016-01-01,2016-12-31,observado,2026-10-06,nao,"Atlas da Violência/Ipea, séries 77 (SIM/Ministério da Saúde, óbitos por residência). Homicídios: CID-10 X85-Y09 e Y35; intervenção legal: subconjunto já incluído no total de homicídios. Transformação em coleta/atlas_violencia.py."
Mortes por intervenção legal (agentes do Estado),Brasil,2017,1854,óbitos,"Ipea, Atlas da Violência (SIM/MS)",https://www.ipea.gov.br/atlasviolencia/dados-series/77,jan–dez/2017,2017-01-01,2017-12-31,observado,2026-10-06,nao,"Atlas da Violência/Ipea, séries 77 (SIM/Ministério da Saúde, óbitos por residência). Homicídios: CID-10 X85-Y09 e Y35; intervenção legal: subconjunto já incluído no total de homicídios. Transformação em coleta/atlas_violencia.py."
Mortes por intervenção legal (agentes do Estado),Brasil,2018,2042,óbitos,"Ipea, Atlas da Violência (SIM/MS)",https://www.ipea.gov.br/atlasviolencia/dados-series/77,jan–dez/2018,2018-01-01,2018-12-31,observado,2026-10-06,nao,"Atlas da Violência/Ipea, séries 77 (SIM/Ministério da Saúde, óbitos por residência). Homicídios: CID-10 X85-Y09 e Y35; intervenção legal: subconjunto já incluído no total de homicídios. Transformação em coleta/atlas_violencia.py."
Mortes por intervenção legal (agentes do Estado),Brasil,2019,1470,óbitos,"Ipea, Atlas da Violência (SIM/MS)",https://www.ipea.gov.br/atlasviolencia/dados-series/77,jan–dez/2019,2019-01-01,2019-12-31,observado,2026-10-06,nao,"Atlas da Violência/Ipea, séries 77 (SIM/Ministério da Saúde, óbitos por residência). Homicídios: CID-10 X85-Y09 e Y35; intervenção legal: subconjunto já incluído no total de homicídios. Transformação em coleta/atlas_violencia.py."
Mortes por intervenção legal (agentes do Estado),Brasil,2020,2188,óbitos,"Ipea, Atlas da Violência (SIM/MS)",https://www.ipea.gov.br/atlasviolencia/dados-series/77,jan–dez/2020,2020-01-01,2020-12-31,observado,2026-10-06,nao,"Atlas da Violência/Ipea, séries 77 (SIM/Ministério da Saúde, óbitos por residência). Homicídios: CID-10 X85-Y09 e Y35; intervenção legal: subconjunto já incluído no total de homicídios. Transformação em coleta/atlas_violencia.py."
Mortes por intervenção legal (agentes do Estado),Brasil,2021,2285,óbitos,"Ipea, Atlas da Violência (SIM/MS)",https://www.ipea.gov.br/atlasviolencia/dados-series/77,jan–dez/2021,2021-01-01,2021-12-31,observado,2026-10-06,nao,"Atlas da Violência/Ipea, séries 77 (SIM/Ministério da Saúde, óbitos por residência). Homicídios: CID-10 X85-Y09 e Y35; intervenção legal: subconjunto já incluído no total de homicídios. Transformação em coleta/atlas_violencia.py."
Mortes por intervenção legal (agentes do Estado),Brasil,2022,2042,óbitos,"Ipea, Atlas da Violência (SIM/MS)",https://www.ipea.gov.br/atlasviolencia/dados-series/77,jan–dez/2022,2022-01-01,2022-12-31,observado,2026-10-06,nao,"Atlas da Violência/Ipea, séries 77 (SIM/Ministério da Saúde, óbitos por residência). Homicídios: CID-10 X85-Y09 e Y35; intervenção legal: subconjunto já incluído no total de homicídios. Transformação em coleta/atlas_violencia.py."
Mortes por intervenção legal (agentes do Estado),Brasil,2023,2304,óbitos,"Ipea, Atlas da Violência (SIM/MS)",https://www.ipea.gov.br/atlasviolencia/dados-series/77,jan–dez/2023,2023-01-01,2023-12-31,observado,2026-10-06,nao,"Atlas da Violência/Ipea, séries 77 (SIM/Ministério da Saúde, óbitos por residência). Homicídios: CID-10 X85-Y09 e Y35; intervenção legal: subconjunto já incluído no total de homicídios. Transformação em coleta/atlas_violencia.py."
Mortes por intervenção legal (agentes do Estado),Brasil,2024,2644,óbitos,"Ipea, Atlas da Violência (SIM/MS)",https://www.ipea.gov.br/atlasviolencia/dados-series/77,jan–dez/2024,2024-01-01,2024-12-31,observado,2026-10-06,nao,"Atlas da Violência/Ipea, séries 77 (SIM/Ministério da Saúde, óbitos por residência). Homicídios: CID-10 X85-Y09 e Y35; intervenção legal: subconjunto já incluído no total de homicídios. Transformação em coleta/atlas_violencia.py."
Mortes por intervenção legal: parcela dos homicídios,Brasil,2002,0.24,% dos homicídios registrados,"Ipea, Atlas da Violência (SIM/MS)",https://www.ipea.gov.br/atlasviolencia/dados-series/77,jan–dez/2002,2002-01-01,2002-12-31,observado,2026-10-06,nao,"Atlas da Violência/Ipea, séries 77, 328 (SIM/Ministério da Saúde, óbitos por residência). Homicídios: CID-10 X85-Y09 e Y35; intervenção legal: subconjunto já incluído no total de homicídios. Calculado: série 77 / série 328 × 100. Transformação em coleta/atlas_violencia.py."
Mortes por intervenção legal: parcela dos homicídios,Brasil,2003,0.95,% dos homicídios registrados,"Ipea, Atlas da Violência (SIM/MS)",https://www.ipea.gov.br/atlasviolencia/dados-series/77,jan–dez/2003,2003-01-01,2003-12-31,observado,2026-10-06,nao,"Atlas da Violência/Ipea, séries 77, 328 (SIM/Ministério da Saúde, óbitos por residência). Homicídios: CID-10 X85-Y09 e Y35; intervenção legal: subconjunto já incluído no total de homicídios. Calculado: série 77 / série 328 × 100. Transformação em coleta/atlas_violencia.py."
Mortes por intervenção legal: parcela dos homicídios,Brasil,2004,1.09,% dos homicídios registrados,"Ipea, Atlas da Violência (SIM/MS)",https://www.ipea.gov.br/atlasviolencia/dados-series/77,jan–dez/2004,2004-01-01,2004-12-31,observado,2026-10-06,nao,"Atlas da Violência/Ipea, séries 77, 328 (SIM/Ministério da Saúde, óbitos por residência). Homicídios: CID-10 X85-Y09 e Y35; intervenção legal: subconjunto já incluído no total de homicídios. Calculado: série 77 / série 328 × 100. Transformação em coleta/atlas_violencia.py."
Mortes por intervenção legal: parcela dos homicídios,Brasil,2005,1.16,% dos homicídios registrados,"Ipea, Atlas da Violência (SIM/MS)",https://www.ipea.gov.br/atlasviolencia/dados-series/77,jan–dez/2005,2005-01-01,2005-12-31,observado,2026-10-06,nao,"Atlas da Violência/Ipea, séries 77, 328 (SIM/Ministério da Saúde, óbitos por residência). Homicídios: CID-10 X85-Y09 e Y35; intervenção legal: subconjunto já incluído no total de homicídios. Calculado: série 77 / série 328 × 100. Transformação em coleta/atlas_violencia.py."
Mortes por intervenção legal: parcela dos homicídios,Brasil,2006,1.12,% dos homicídios registrados,"Ipea, Atlas da Violência (SIM/MS)",https://www.ipea.gov.br/atlasviolencia/dados-series/77,jan–dez/2006,2006-01-01,2006-12-31,observado,2026-10-06,nao,"Atlas da Violência/Ipea, séries 77, 328 (SIM/Ministério da Saúde, óbitos por residência). Homicídios: CID-10 X85-Y09 e Y35; intervenção legal: subconjunto já incluído no total de homicídios. Calculado: série 77 / série 328 × 100. Transformação em coleta/atlas_violencia.py."
Mortes por intervenção legal: parcela dos homicídios,Brasil,2007,1.06,% dos homicídios registrados,"Ipea, Atlas da Violência (SIM/MS)",https://www.ipea.gov.br/atlasviolencia/dados-series/77,jan–dez/2007,2007-01-01,2007-12-31,observado,2026-10-06,nao,"Atlas da Violência/Ipea, séries 77, 328 (SIM/Ministério da Saúde, óbitos por residência). Homicídios: CID-10 X85-Y09 e Y35; intervenção legal: subconjunto já incluído no total de homicídios. Calculado: série 77 / série 328 × 100. Transformação em coleta/atlas_violencia.py."
Mortes por intervenção legal: parcela dos homicídios,Brasil,2008,1.08,% dos homicídios registrados,"Ipea, Atlas da Violência (SIM/MS)",https://www.ipea.gov.br/atlasviolencia/dados-series/77,jan–dez/2008,2008-01-01,2008-12-31,observado,2026-10-06,nao,"Atlas da Violência/Ipea, séries 77, 328 (SIM/Ministério da Saúde, óbitos por residência). Homicídios: CID-10 X85-Y09 e Y35; intervenção legal: subconjunto já incluído no total de homicídios. Calculado: série 77 / série 328 × 100. Transformação em coleta/atlas_violencia.py."
Mortes por intervenção legal: parcela dos homicídios,Brasil,2009,1.17,% dos homicídios registrados,"Ipea, Atlas da Violência (SIM/MS)",https://www.ipea.gov.br/atlasviolencia/dados-series/77,jan–dez/2009,2009-01-01,2009-12-31,observado,2026-10-06,nao,"Atlas da Violência/Ipea, séries 77, 328 (SIM/Ministério da Saúde, óbitos por residência). Homicídios: CID-10 X85-Y09 e Y35; intervenção legal: subconjunto já incluído no total de homicídios. Calculado: série 77 / série 328 × 100. Transformação em coleta/atlas_violencia.py."
Mortes por intervenção legal: parcela dos homicídios,Brasil,2010,1.43,% dos homicídios registrados,"Ipea, Atlas da Violência (SIM/MS)",https://www.ipea.gov.br/atlasviolencia/dados-series/77,jan–dez/2010,2010-01-01,2010-12-31,observado,2026-10-06,nao,"Atlas da Violência/Ipea, séries 77, 328 (SIM/Ministério da Saúde, óbitos por residência). Homicídios: CID-10 X85-Y09 e Y35; intervenção legal: subconjunto já incluído no total de homicídios. Calculado: série 77 / série 328 × 100. Transformação em coleta/atlas_violencia.py."
Mortes por intervenção legal: parcela dos homicídios,Brasil,2011,1.15,% dos homicídios registrados,"Ipea, Atlas da Violência (SIM/MS)",https://www.ipea.gov.br/atlasviolencia/dados-series/77,jan–dez/2011,2011-01-01,2011-12-31,observado,2026-10-06,nao,"Atlas da Violência/Ipea, séries 77, 328 (SIM/Ministério da Saúde, óbitos por residência). Homicídios: CID-10 X85-Y09 e Y35; intervenção legal: subconjunto já incluído no total de homicídios. Calculado: série 77 / série 328 × 100. Transformação em coleta/atlas_violencia.py."
Mortes por intervenção legal: parcela dos homicídios,Brasil,2012,1.24,% dos homicídios registrados,"Ipea, Atlas da Violência (SIM/MS)",https://www.ipea.gov.br/atlasviolencia/dados-series/77,jan–dez/2012,2012-01-01,2012-12-31,observado,2026-10-06,nao,"Atlas da Violência/Ipea, séries 77, 328 (SIM/Ministério da Saúde, óbitos por residência). Homicídios: CID-10 X85-Y09 e Y35; intervenção legal: subconjunto já incluído no total de homicídios. Calculado: série 77 / série 328 × 100. Transformação em coleta/atlas_violencia.py."
Mortes por intervenção legal: parcela dos homicídios,Brasil,2013,1.03,% dos homicídios registrados,"Ipea, Atlas da Violência (SIM/MS)",https://www.ipea.gov.br/atlasviolencia/dados-series/77,jan–dez/2013,2013-01-01,2013-12-31,observado,2026-10-06,nao,"Atlas da Violência/Ipea, séries 77, 328 (SIM/Ministério da Saúde, óbitos por residência). Homicídios: CID-10 X85-Y09 e Y35; intervenção legal: subconjunto já incluído no total de homicídios. Calculado: série 77 / série 328 × 100. Transformação em coleta/atlas_violencia.py."
Mortes por intervenção legal: parcela dos homicídios,Brasil,2014,1.31,% dos homicídios registrados,"Ipea, Atlas da Violência (SIM/MS)",https://www.ipea.gov.br/atlasviolencia/dados-series/77,jan–dez/2014,2014-01-01,2014-12-31,observado,2026-10-06,nao,"Atlas da Violência/Ipea, séries 77, 328 (SIM/Ministério da Saúde, óbitos por residência). Homicídios: CID-10 X85-Y09 e Y35; intervenção legal: subconjunto já incluído no total de homicídios. Calculado: série 77 / série 328 × 100. Transformação em coleta/atlas_violencia.py."
Mortes por intervenção legal: parcela dos homicídios,Brasil,2015,1.59,% dos homicídios registrados,"Ipea, Atlas da Violência (SIM/MS)",https://www.ipea.gov.br/atlasviolencia/dados-series/77,jan–dez/2015,2015-01-01,2015-12-31,observado,2026-10-06,nao,"Atlas da Violência/Ipea, séries 77, 328 (SIM/Ministério da Saúde, óbitos por residência). Homicídios: CID-10 X85-Y09 e Y35; intervenção legal: subconjunto já incluído no total de homicídios. Calculado: série 77 / série 328 × 100. Transformação em coleta/atlas_violencia.py."
Mortes por intervenção legal: parcela dos homicídios,Brasil,2016,2.2,% dos homicídios registrados,"Ipea, Atlas da Violência (SIM/MS)",https://www.ipea.gov.br/atlasviolencia/dados-series/77,jan–dez/2016,2016-01-01,2016-12-31,observado,2026-10-06,nao,"Atlas da Violência/Ipea, séries 77, 328 (SIM/Ministério da Saúde, óbitos por residência). Homicídios: CID-10 X85-Y09 e Y35; intervenção legal: subconjunto já incluído no total de homicídios. Calculado: série 77 / série 328 × 100. Transformação em coleta/atlas_violencia.py."
Mortes por intervenção legal: parcela dos homicídios,Brasil,2017,2.83,% dos homicídios registrados,"Ipea, Atlas da Violência (SIM/MS)",https://www.ipea.gov.br/atlasviolencia/dados-series/77,jan–dez/2017,2017-01-01,2017-12-31,observado,2026-10-06,nao,"Atlas da Violência/Ipea, séries 77, 328 (SIM/Ministério da Saúde, óbitos por residência). Homicídios: CID-10 X85-Y09 e Y35; intervenção legal: subconjunto já incluído no total de homicídios. Calculado: série 77 / série 328 × 100. Transformação em coleta/atlas_violencia.py."
Mortes por intervenção legal: parcela dos homicídios,Brasil,2018,3.52,% dos homicídios registrados,"Ipea, Atlas da Violência (SIM/MS)",https://www.ipea.gov.br/atlasviolencia/dados-series/77,jan–dez/2018,2018-01-01,2018-12-31,observado,2026-10-06,nao,"Atlas da Violência/Ipea, séries 77, 328 (SIM/Ministério da Saúde, óbitos por residência). Homicídios: CID-10 X85-Y09 e Y35; intervenção legal: subconjunto já incluído no total de homicídios. Calculado: série 77 / série 328 × 100. Transformação em coleta/atlas_violencia.py."
Mortes por intervenção legal: parcela dos homicídios,Brasil,2019,3.23,% dos homicídios registrados,"Ipea, Atlas da Violência (SIM/MS)",https://www.ipea.gov.br/atlasviolencia/dados-series/77,jan–dez/2019,2019-01-01,2019-12-31,observado,2026-10-06,nao,"Atlas da Violência/Ipea, séries 77, 328 (SIM/Ministério da Saúde, óbitos por residência). Homicídios: CID-10 X85-Y09 e Y35; intervenção legal: subconjunto já incluído no total de homicídios. Calculado: série 77 / série 328 × 100. Transformação em coleta/atlas_violencia.py."
Mortes por intervenção legal: parcela dos homicídios,Brasil,2020,4.39,% dos homicídios registrados,"Ipea, Atlas da Violência (SIM/MS)",https://www.ipea.gov.br/atlasviolencia/dados-series/77,jan–dez/2020,2020-01-01,2020-12-31,observado,2026-10-06,nao,"Atlas da Violência/Ipea, séries 77, 328 (SIM/Ministério da Saúde, óbitos por residência). Homicídios: CID-10 X85-Y09 e Y35; intervenção legal: subconjunto já incluído no total de homicídios. Calculado: série 77 / série 328 × 100. Transformação em coleta/atlas_violencia.py."
Mortes por intervenção legal: parcela dos homicídios,Brasil,2021,4.78,% dos homicídios registrados,"Ipea, Atlas da Violência (SIM/MS)",https://www.ipea.gov.br/atlasviolencia/dados-series/77,jan–dez/2021,2021-01-01,2021-12-31,observado,2026-10-06,nao,"Atlas da Violência/Ipea, séries 77, 328 (SIM/Ministério da Saúde, óbitos por residência). Homicídios: CID-10 X85-Y09 e Y35; intervenção legal: subconjunto já incluído no total de homicídios. Calculado: série 77 / série 328 × 100. Transformação em coleta/atlas_violencia.py."
Mortes por intervenção legal: parcela dos homicídios,Brasil,2022,4.4,% dos homicídios registrados,"Ipea, Atlas da Violência (SIM/MS)",https://www.ipea.gov.br/atlasviolencia/dados-series/77,jan–dez/2022,2022-01-01,2022-12-31,observado,2026-10-06,nao,"Atlas da Violência/Ipea, séries 77, 328 (SIM/Ministério da Saúde, óbitos por residência). Homicídios: CID-10 X85-Y09 e Y35; intervenção legal: subconjunto já incluído no total de homicídios. Calculado: série 77 / série 328 × 100. Transformação em coleta/atlas_violencia.py."
Mortes por intervenção legal: parcela dos homicídios,Brasil,2023,5.04,% dos homicídios registrados,"Ipea, Atlas da Violência (SIM/MS)",https://www.ipea.gov.br/atlasviolencia/dados-series/77,jan–dez/2023,2023-01-01,2023-12-31,observado,2026-10-06,nao,"Atlas da Violência/Ipea, séries 77, 328 (SIM/Ministério da Saúde, óbitos por residência). Homicídios: CID-10 X85-Y09 e Y35; intervenção legal: subconjunto já incluído no total de homicídios. Calculado: série 77 / série 328 × 100. Transformação em coleta/atlas_violencia.py."
Mortes por intervenção legal: parcela dos homicídios,Brasil,2024,6.21,% dos homicídios registrados,"Ipea, Atlas da Violência (SIM/MS)",https://www.ipea.gov.br/atlasviolencia/dados-series/77,jan–dez/2024,2024-01-01,2024-12-31,observado,2026-10-06,nao,"Atlas da Violência/Ipea, séries 77, 328 (SIM/Ministério da Saúde, óbitos por residência). Homicídios: CID-10 X85-Y09 e Y35; intervenção legal: subconjunto já incluído no total de homicídios. Calculado: série 77 / série 328 × 100. Transformação em coleta/atlas_violencia.py."
Mortes violentas por causa indeterminada,Brasil,2002,12557,óbitos,"Ipea, Atlas da Violência (SIM/MS)",https://www.ipea.gov.br/atlasviolencia/dados-series/78,jan–dez/2002,2002-01-01,2002-12-31,observado,2026-10-06,nao,"Atlas da Violência/Ipea, séries 78 (SIM/Ministério da Saúde, óbitos por residência). Homicídios: CID-10 X85-Y09 e Y35; intervenção legal: subconjunto já incluído no total de homicídios. Transformação em coleta/atlas_violencia.py."
Mortes violentas por causa indeterminada,Brasil,2003,11101,óbitos,"Ipea, Atlas da Violência (SIM/MS)",https://www.ipea.gov.br/atlasviolencia/dados-series/78,jan–dez/2003,2003-01-01,2003-12-31,observado,2026-10-06,nao,"Atlas da Violência/Ipea, séries 78 (SIM/Ministério da Saúde, óbitos por residência). Homicídios: CID-10 X85-Y09 e Y35; intervenção legal: subconjunto já incluído no total de homicídios. Transformação em coleta/atlas_violencia.py."
Mortes violentas por causa indeterminada,Brasil,2004,11597,óbitos,"Ipea, Atlas da Violência (SIM/MS)",https://www.ipea.gov.br/atlasviolencia/dados-series/78,jan–dez/2004,2004-01-01,2004-12-31,observado,2026-10-06,nao,"Atlas da Violência/Ipea, séries 78 (SIM/Ministério da Saúde, óbitos por residência). Homicídios: CID-10 X85-Y09 e Y35; intervenção legal: subconjunto já incluído no total de homicídios. Transformação em coleta/atlas_violencia.py."
Mortes violentas por causa indeterminada,Brasil,2005,11269,óbitos,"Ipea, Atlas da Violência (SIM/MS)",https://www.ipea.gov.br/atlasviolencia/dados-series/78,jan–dez/2005,2005-01-01,2005-12-31,observado,2026-10-06,nao,"Atlas da Violência/Ipea, séries 78 (SIM/Ministério da Saúde, óbitos por residência). Homicídios: CID-10 X85-Y09 e Y35; intervenção legal: subconjunto já incluído no total de homicídios. Transformação em coleta/atlas_violencia.py."
Mortes violentas por causa indeterminada,Brasil,2006,9147,óbitos,"Ipea, Atlas da Violência (SIM/MS)",https://www.ipea.gov.br/atlasviolencia/dados-series/78,jan–dez/2006,2006-01-01,2006-12-31,observado,2026-10-06,nao,"Atlas da Violência/Ipea, séries 78 (SIM/Ministério da Saúde, óbitos por residência). Homicídios: CID-10 X85-Y09 e Y35; intervenção legal: subconjunto já incluído no total de homicídios. Transformação em coleta/atlas_violencia.py."
Mortes violentas por causa indeterminada,Brasil,2007,11367,óbitos,"Ipea, Atlas da Violência (SIM/MS)",https://www.ipea.gov.br/atlasviolencia/dados-series/78,jan–dez/2007,2007-01-01,2007-12-31,observado,2026-10-06,nao,"Atlas da Violência/Ipea, séries 78 (SIM/Ministério da Saúde, óbitos por residência). Homicídios: CID-10 X85-Y09 e Y35; intervenção legal: subconjunto já incluído no total de homicídios. Transformação em coleta/atlas_violencia.py."
Mortes violentas por causa indeterminada,Brasil,2008,12056,óbitos,"Ipea, Atlas da Violência (SIM/MS)",https://www.ipea.gov.br/atlasviolencia/dados-series/78,jan–dez/2008,2008-01-01,2008-12-31,observado,2026-10-06,nao,"Atlas da Violência/Ipea, séries 78 (SIM/Ministério da Saúde, óbitos por residência). Homicídios: CID-10 X85-Y09 e Y35; intervenção legal: subconjunto já incluído no total de homicídios. Transformação em coleta/atlas_violencia.py."
Mortes violentas por causa indeterminada,Brasil,2009,13253,óbitos,"Ipea, Atlas da Violência (SIM/MS)",https://www.ipea.gov.br/atlasviolencia/dados-series/78,jan–dez/2009,2009-01-01,2009-12-31,observado,2026-10-06,nao,"Atlas da Violência/Ipea, séries 78 (SIM/Ministério da Saúde, óbitos por residência). Homicídios: CID-10 X85-Y09 e Y35; intervenção legal: subconjunto já incluído no total de homicídios. Transformação em coleta/atlas_violencia.py."
Mortes violentas por causa indeterminada,Brasil,2010,9703,óbitos,"Ipea, Atlas da Violência (SIM/MS)",https://www.ipea.gov.br/atlasviolencia/dados-series/78,jan–dez/2010,2010-01-01,2010-12-31,observado,2026-10-06,nao,"Atlas da Violência/Ipea, séries 78 (SIM/Ministério da Saúde, óbitos por residência). Homicídios: CID-10 X85-Y09 e Y35; intervenção legal: subconjunto já incluído no total de homicídios. Transformação em coleta/atlas_violencia.py."
Mortes violentas por causa indeterminada,Brasil,2011,10353,óbitos,"Ipea, Atlas da Violência (SIM/MS)",https://www.ipea.gov.br/atlasviolencia/dados-series/78,jan–dez/2011,2011-01-01,2011-12-31,observado,2026-10-06,nao,"Atlas da Violência/Ipea, séries 78 (SIM/Ministério da Saúde, óbitos por residência). Homicídios: CID-10 X85-Y09 e Y35; intervenção legal: subconjunto já incluído no total de homicídios. Transformação em coleta/atlas_violencia.py."
Mortes violentas por causa indeterminada,Brasil,2012,10051,óbitos,"Ipea, Atlas da Violência (SIM/MS)",https://www.ipea.gov.br/atlasviolencia/dados-series/78,jan–dez/2012,2012-01-01,2012-12-31,observado,2026-10-06,nao,"Atlas da Violência/Ipea, séries 78 (SIM/Ministério da Saúde, óbitos por residência). Homicídios: CID-10 X85-Y09 e Y35; intervenção legal: subconjunto já incluído no total de homicídios. Transformação em coleta/atlas_violencia.py."
Mortes violentas por causa indeterminada,Brasil,2013,9788,óbitos,"Ipea, Atlas da Violência (SIM/MS)",https://www.ipea.gov.br/atlasviolencia/dados-series/78,jan–dez/2013,2013-01-01,2013-12-31,observado,2026-10-06,nao,"Atlas da Violência/Ipea, séries 78 (SIM/Ministério da Saúde, óbitos por residência). Homicídios: CID-10 X85-Y09 e Y35; intervenção legal: subconjunto já incluído no total de homicídios. Transformação em coleta/atlas_violencia.py."
Mortes violentas por causa indeterminada,Brasil,2014,9468,óbitos,"Ipea, Atlas da Violência (SIM/MS)",https://www.ipea.gov.br/atlasviolencia/dados-series/78,jan–dez/2014,2014-01-01,2014-12-31,observado,2026-10-06,nao,"Atlas da Violência/Ipea, séries 78 (SIM/Ministério da Saúde, óbitos por residência). Homicídios: CID-10 X85-Y09 e Y35; intervenção legal: subconjunto já incluído no total de homicídios. Transformação em coleta/atlas_violencia.py."
Mortes violentas por causa indeterminada,Brasil,2015,9810,óbitos,"Ipea, Atlas da Violência (SIM/MS)",https://www.ipea.gov.br/atlasviolencia/dados-series/78,jan–dez/2015,2015-01-01,2015-12-31,observado,2026-10-06,nao,"Atlas da Violência/Ipea, séries 78 (SIM/Ministério da Saúde, óbitos por residência). Homicídios: CID-10 X85-Y09 e Y35; intervenção legal: subconjunto já incluído no total de homicídios. Transformação em coleta/atlas_violencia.py."
Mortes violentas por causa indeterminada,Brasil,2016,10274,óbitos,"Ipea, Atlas da Violência (SIM/MS)",https://www.ipea.gov.br/atlasviolencia/dados-series/78,jan–dez/2016,2016-01-01,2016-12-31,observado,2026-10-06,nao,"Atlas da Violência/Ipea, séries 78 (SIM/Ministério da Saúde, óbitos por residência). Homicídios: CID-10 X85-Y09 e Y35; intervenção legal: subconjunto já incluído no total de homicídios. Transformação em coleta/atlas_violencia.py."
Mortes violentas por causa indeterminada,Brasil,2017,9799,óbitos,"Ipea, Atlas da Violência (SIM/MS)",https://www.ipea.gov.br/atlasviolencia/dados-series/78,jan–dez/2017,2017-01-01,2017-12-31,observado,2026-10-06,nao,"Atlas da Violência/Ipea, séries 78 (SIM/Ministério da Saúde, óbitos por residência). Homicídios: CID-10 X85-Y09 e Y35; intervenção legal: subconjunto já incluído no total de homicídios. Transformação em coleta/atlas_violencia.py."
Mortes violentas por causa indeterminada,Brasil,2018,12310,óbitos,"Ipea, Atlas da Violência (SIM/MS)",https://www.ipea.gov.br/atlasviolencia/dados-series/78,jan–dez/2018,2018-01-01,2018-12-31,observado,2026-10-06,nao,"Atlas da Violência/Ipea, séries 78 (SIM/Ministério da Saúde, óbitos por residência). Homicídios: CID-10 X85-Y09 e Y35; intervenção legal: subconjunto já incluído no total de homicídios. Transformação em coleta/atlas_violencia.py."
Mortes violentas por causa indeterminada,Brasil,2019,16648,óbitos,"Ipea, Atlas da Violência (SIM/MS)",https://www.ipea.gov.br/atlasviolencia/dados-series/78,jan–dez/2019,2019-01-01,2019-12-31,observado,2026-10-06,nao,"Atlas da Violência/Ipea, séries 78 (SIM/Ministério da Saúde, óbitos por residência). Homicídios: CID-10 X85-Y09 e Y35; intervenção legal: subconjunto já incluído no total de homicídios. Transformação em coleta/atlas_violencia.py."
Mortes violentas por causa indeterminada,Brasil,2020,14038,óbitos,"Ipea, Atlas da Violência (SIM/MS)",https://www.ipea.gov.br/atlasviolencia/dados-series/78,jan–dez/2020,2020-01-01,2020-12-31,observado,2026-10-06,nao,"Atlas da Violência/Ipea, séries 78 (SIM/Ministério da Saúde, óbitos por residência). Homicídios: CID-10 X85-Y09 e Y35; intervenção legal: subconjunto já incluído no total de homicídios. Transformação em coleta/atlas_violencia.py."
Mortes violentas por causa indeterminada,Brasil,2021,13843,óbitos,"Ipea, Atlas da Violência (SIM/MS)",https://www.ipea.gov.br/atlasviolencia/dados-series/78,jan–dez/2021,2021-01-01,2021-12-31,observado,2026-10-06,nao,"Atlas da Violência/Ipea, séries 78 (SIM/Ministério da Saúde, óbitos por residência). Homicídios: CID-10 X85-Y09 e Y35; intervenção legal: subconjunto já incluído no total de homicídios. Transformação em coleta/atlas_violencia.py."
Mortes violentas por causa indeterminada,Brasil,2022,15533,óbitos,"Ipea, Atlas da Violência (SIM/MS)",https://www.ipea.gov.br/atlasviolencia/dados-series/78,jan–dez/2022,2022-01-01,2022-12-31,observado,2026-10-06,nao,"Atlas da Violência/Ipea, séries 78 (SIM/Ministério da Saúde, óbitos por residência). Homicídios: CID-10 X85-Y09 e Y35; intervenção legal: subconjunto já incluído no total de homicídios. Transformação em coleta/atlas_violencia.py."
Mortes violentas por causa indeterminada,Brasil,2023,13896,óbitos,"Ipea, Atlas da Violência (SIM/MS)",https://www.ipea.gov.br/atlasviolencia/dados-series/78,jan–dez/2023,2023-01-01,2023-12-31,observado,2026-10-06,nao,"Atlas da Violência/Ipea, séries 78 (SIM/Ministério da Saúde, óbitos por residência). Homicídios: CID-10 X85-Y09 e Y35; intervenção legal: subconjunto já incluído no total de homicídios. Transformação em coleta/atlas_violencia.py."
Homicídios de mulheres,Brasil,2002,3868,óbitos,"Ministério da Saúde, SIM (TabNet/DATASUS)",http://tabnet.datasus.gov.br/cgi/deftohtm.exe?sim/cnv/ext10uf.def,jan–dez/2002,2002-01-01,2002-12-31,observado,2026-10-07,nao,"Óbitos de mulheres por agressão (CID-10 X85-Y09) e intervenção legal (Y35-Y36), por residência; mesma definição de homicídio do Atlas da Violência. Inclui todos os homicídios de mulheres, não só feminicídios. Transformação em coleta/sim_mulheres.py."
Homicídios de mulheres,Brasil,2003,3941,óbitos,"Ministério da Saúde, SIM (TabNet/DATASUS)",http://tabnet.datasus.gov.br/cgi/deftohtm.exe?sim/cnv/ext10uf.def,jan–dez/2003,2003-01-01,2003-12-31,observado,2026-10-07,nao,"Óbitos de mulheres por agressão (CID-10 X85-Y09) e intervenção legal (Y35-Y36), por residência; mesma definição de homicídio do Atlas da Violência. Inclui todos os homicídios de mulheres, não só feminicídios. Transformação em coleta/sim_mulheres.py."
Homicídios de mulheres,Brasil,2004,3831,óbitos,"Ministério da Saúde, SIM (TabNet/DATASUS)",http://tabnet.datasus.gov.br/cgi/deftohtm.exe?sim/cnv/ext10uf.def,jan–dez/2004,2004-01-01,2004-12-31,observado,2026-10-07,nao,"Óbitos de mulheres por agressão (CID-10 X85-Y09) e intervenção legal (Y35-Y36), por residência; mesma definição de homicídio do Atlas da Violência. Inclui todos os homicídios de mulheres, não só feminicídios. Transformação em coleta/sim_mulheres.py."
Homicídios de mulheres,Brasil,2005,3887,óbitos,"Ministério da Saúde, SIM (TabNet/DATASUS)",http://tabnet.datasus.gov.br/cgi/deftohtm.exe?sim/cnv/ext10uf.def,jan–dez/2005,2005-01-01,2005-12-31,observado,2026-10-07,nao,"Óbitos de mulheres por agressão (CID-10 X85-Y09) e intervenção legal (Y35-Y36), por residência; mesma definição de homicídio do Atlas da Violência. Inclui todos os homicídios de mulheres, não só feminicídios. Transformação em coleta/sim_mulheres.py."
Homicídios de mulheres,Brasil,2006,4030,óbitos,"Ministério da Saúde, SIM (TabNet/DATASUS)",http://tabnet.datasus.gov.br/cgi/deftohtm.exe?sim/cnv/ext10uf.def,jan–dez/2006,2006-01-01,2006-12-31,observado,2026-10-07,nao,"Óbitos de mulheres por agressão (CID-10 X85-Y09) e intervenção legal (Y35-Y36), por residência; mesma definição de homicídio do Atlas da Violência. Inclui todos os homicídios de mulheres, não só feminicídios. Transformação em coleta/sim_mulheres.py."
Homicídios de mulheres,Brasil,2007,3778,óbitos,"Ministério da Saúde, SIM (TabNet/DATASUS)",http://tabnet.datasus.gov.br/cgi/deftohtm.exe?sim/cnv/ext10uf.def,jan–dez/2007,2007-01-01,2007-12-31,observado,2026-10-07,nao,"Óbitos de mulheres por agressão (CID-10 X85-Y09) e intervenção legal (Y35-Y36), por residência; mesma definição de homicídio do Atlas da Violência. Inclui todos os homicídios de mulheres, não só feminicídios. Transformação em coleta/sim_mulheres.py."
Homicídios de mulheres,Brasil,2008,4029,óbitos,"Ministério da Saúde, SIM (TabNet/DATASUS)",http://tabnet.datasus.gov.br/cgi/deftohtm.exe?sim/cnv/ext10uf.def,jan–dez/2008,2008-01-01,2008-12-31,observado,2026-10-07,nao,"Óbitos de mulheres por agressão (CID-10 X85-Y09) e intervenção legal (Y35-Y36), por residência; mesma definição de homicídio do Atlas da Violência. Inclui todos os homicídios de mulheres, não só feminicídios. Transformação em coleta/sim_mulheres.py."
Homicídios de mulheres,Brasil,2009,4265,óbitos,"Ministério da Saúde, SIM (TabNet/DATASUS)",http://tabnet.datasus.gov.br/cgi/deftohtm.exe?sim/cnv/ext10uf.def,jan–dez/2009,2009-01-01,2009-12-31,observado,2026-10-07,nao,"Óbitos de mulheres por agressão (CID-10 X85-Y09) e intervenção legal (Y35-Y36), por residência; mesma definição de homicídio do Atlas da Violência. Inclui todos os homicídios de mulheres, não só feminicídios. Transformação em coleta/sim_mulheres.py."
Homicídios de mulheres,Brasil,2010,4477,óbitos,"Ministério da Saúde, SIM (TabNet/DATASUS)",http://tabnet.datasus.gov.br/cgi/deftohtm.exe?sim/cnv/ext10uf.def,jan–dez/2010,2010-01-01,2010-12-31,observado,2026-10-07,nao,"Óbitos de mulheres por agressão (CID-10 X85-Y09) e intervenção legal (Y35-Y36), por residência; mesma definição de homicídio do Atlas da Violência. Inclui todos os homicídios de mulheres, não só feminicídios. Transformação em coleta/sim_mulheres.py."
Homicídios de mulheres,Brasil,2011,4522,óbitos,"Ministério da Saúde, SIM (TabNet/DATASUS)",http://tabnet.datasus.gov.br/cgi/deftohtm.exe?sim/cnv/ext10uf.def,jan–dez/2011,2011-01-01,2011-12-31,observado,2026-10-07,nao,"Óbitos de mulheres por agressão (CID-10 X85-Y09) e intervenção legal (Y35-Y36), por residência; mesma definição de homicídio do Atlas da Violência. Inclui todos os homicídios de mulheres, não só feminicídios. Transformação em coleta/sim_mulheres.py."
Homicídios de mulheres,Brasil,2012,4729,óbitos,"Ministério da Saúde, SIM (TabNet/DATASUS)",http://tabnet.datasus.gov.br/cgi/deftohtm.exe?sim/cnv/ext10uf.def,jan–dez/2012,2012-01-01,2012-12-31,observado,2026-10-07,nao,"Óbitos de mulheres por agressão (CID-10 X85-Y09) e intervenção legal (Y35-Y36), por residência; mesma definição de homicídio do Atlas da Violência. Inclui todos os homicídios de mulheres, não só feminicídios. Transformação em coleta/sim_mulheres.py."
Homicídios de mulheres,Brasil,2013,4769,óbitos,"Ministério da Saúde, SIM (TabNet/DATASUS)",http://tabnet.datasus.gov.br/cgi/deftohtm.exe?sim/cnv/ext10uf.def,jan–dez/2013,2013-01-01,2013-12-31,observado,2026-10-07,nao,"Óbitos de mulheres por agressão (CID-10 X85-Y09) e intervenção legal (Y35-Y36), por residência; mesma definição de homicídio do Atlas da Violência. Inclui todos os homicídios de mulheres, não só feminicídios. Transformação em coleta/sim_mulheres.py."
Homicídios de mulheres,Brasil,2014,4836,óbitos,"Ministério da Saúde, SIM (TabNet/DATASUS)",http://tabnet.datasus.gov.br/cgi/deftohtm.exe?sim/cnv/ext10uf.def,jan–dez/2014,2014-01-01,2014-12-31,observado,2026-10-07,nao,"Óbitos de mulheres por agressão (CID-10 X85-Y09) e intervenção legal (Y35-Y36), por residência; mesma definição de homicídio do Atlas da Violência. Inclui todos os homicídios de mulheres, não só feminicídios. Transformação em coleta/sim_mulheres.py."
Homicídios de mulheres,Brasil,2015,4621,óbitos,"Ministério da Saúde, SIM (TabNet/DATASUS)",http://tabnet.datasus.gov.br/cgi/deftohtm.exe?sim/cnv/ext10uf.def,jan–dez/2015,2015-01-01,2015-12-31,observado,2026-10-07,nao,"Óbitos de mulheres por agressão (CID-10 X85-Y09) e intervenção legal (Y35-Y36), por residência; mesma definição de homicídio do Atlas da Violência. Inclui todos os homicídios de mulheres, não só feminicídios. Transformação em coleta/sim_mulheres.py."
Homicídios de mulheres,Brasil,2016,4645,óbitos,"Ministério da Saúde, SIM (TabNet/DATASUS)",http://tabnet.datasus.gov.br/cgi/deftohtm.exe?sim/cnv/ext10uf.def,jan–dez/2016,2016-01-01,2016-12-31,observado,2026-10-07,nao,"Óbitos de mulheres por agressão (CID-10 X85-Y09) e intervenção legal (Y35-Y36), por residência; mesma definição de homicídio do Atlas da Violência. Inclui todos os homicídios de mulheres, não só feminicídios. Transformação em coleta/sim_mulheres.py."
Homicídios de mulheres,Brasil,2017,4936,óbitos,"Ministério da Saúde, SIM (TabNet/DATASUS)",http://tabnet.datasus.gov.br/cgi/deftohtm.exe?sim/cnv/ext10uf.def,jan–dez/2017,2017-01-01,2017-12-31,observado,2026-10-07,nao,"Óbitos de mulheres por agressão (CID-10 X85-Y09) e intervenção legal (Y35-Y36), por residência; mesma definição de homicídio do Atlas da Violência. Inclui todos os homicídios de mulheres, não só feminicídios. Transformação em coleta/sim_mulheres.py."
Homicídios de mulheres,Brasil,2018,4519,óbitos,"Ministério da Saúde, SIM (TabNet/DATASUS)",http://tabnet.datasus.gov.br/cgi/deftohtm.exe?sim/cnv/ext10uf.def,jan–dez/2018,2018-01-01,2018-12-31,observado,2026-10-07,nao,"Óbitos de mulheres por agressão (CID-10 X85-Y09) e intervenção legal (Y35-Y36), por residência; mesma definição de homicídio do Atlas da Violência. Inclui todos os homicídios de mulheres, não só feminicídios. Transformação em coleta/sim_mulheres.py."
Homicídios de mulheres,Brasil,2019,3737,óbitos,"Ministério da Saúde, SIM (TabNet/DATASUS)",http://tabnet.datasus.gov.br/cgi/deftohtm.exe?sim/cnv/ext10uf.def,jan–dez/2019,2019-01-01,2019-12-31,observado,2026-10-07,nao,"Óbitos de mulheres por agressão (CID-10 X85-Y09) e intervenção legal (Y35-Y36), por residência; mesma definição de homicídio do Atlas da Violência. Inclui todos os homicídios de mulheres, não só feminicídios. Transformação em coleta/sim_mulheres.py."
Homicídios de mulheres,Brasil,2020,3833,óbitos,"Ministério da Saúde, SIM (TabNet/DATASUS)",http://tabnet.datasus.gov.br/cgi/deftohtm.exe?sim/cnv/ext10uf.def,jan–dez/2020,2020-01-01,2020-12-31,observado,2026-10-07,nao,"Óbitos de mulheres por agressão (CID-10 X85-Y09) e intervenção legal (Y35-Y36), por residência; mesma definição de homicídio do Atlas da Violência. Inclui todos os homicídios de mulheres, não só feminicídios. Transformação em coleta/sim_mulheres.py."
Homicídios de mulheres,Brasil,2021,3858,óbitos,"Ministério da Saúde, SIM (TabNet/DATASUS)",http://tabnet.datasus.gov.br/cgi/deftohtm.exe?sim/cnv/ext10uf.def,jan–dez/2021,2021-01-01,2021-12-31,observado,2026-10-07,nao,"Óbitos de mulheres por agressão (CID-10 X85-Y09) e intervenção legal (Y35-Y36), por residência; mesma definição de homicídio do Atlas da Violência. Inclui todos os homicídios de mulheres, não só feminicídios. Transformação em coleta/sim_mulheres.py."
Homicídios de mulheres,Brasil,2022,3806,óbitos,"Ministério da Saúde, SIM (TabNet/DATASUS)",http://tabnet.datasus.gov.br/cgi/deftohtm.exe?sim/cnv/ext10uf.def,jan–dez/2022,2022-01-01,2022-12-31,observado,2026-10-07,nao,"Óbitos de mulheres por agressão (CID-10 X85-Y09) e intervenção legal (Y35-Y36), por residência; mesma definição de homicídio do Atlas da Violência. Inclui todos os homicídios de mulheres, não só feminicídios. Transformação em coleta/sim_mulheres.py."
Homicídios de mulheres,Brasil,2023,3903,óbitos,"Ministério da Saúde, SIM (TabNet/DATASUS)",http://tabnet.datasus.gov.br/cgi/deftohtm.exe?sim/cnv/ext10uf.def,jan–dez/2023,2023-01-01,2023-12-31,observado,2026-10-07,nao,"Óbitos de mulheres por agressão (CID-10 X85-Y09) e intervenção legal (Y35-Y36), por residência; mesma definição de homicídio do Atlas da Violência. Inclui todos os homicídios de mulheres, não só feminicídios. Transformação em coleta/sim_mulheres.py."
Homicídios de mulheres,Brasil,2024,3642,óbitos,"Ministério da Saúde, SIM (TabNet/DATASUS)",http://tabnet.datasus.gov.br/cgi/deftohtm.exe?sim/cnv/ext10uf.def,jan–dez/2024,2024-01-01,2024-12-31,observado,2026-10-07,nao,"Óbitos de mulheres por agressão (CID-10 X85-Y09) e intervenção legal (Y35-Y36), por residência; mesma definição de homicídio do Atlas da Violência. Inclui todos os homicídios de mulheres, não só feminicídios. Transformação em coleta/sim_mulheres.py."
Feminicídios (registros policiais),Brasil,2015,542,vítimas,"MJSP, Sinesp VDE (registros das polícias estaduais)",https://www.gov.br/mj/pt-br/assuntos/sua-seguranca/seguranca-publica/estatistica/download/dnsp-base-de-dados/bancovde-2015.xlsx/@@download/file,jan–dez/2015,2015-01-01,2015-12-31,observado,2026-10-07,nao,"Soma de 'total_vitima' do evento 'Feminicídio' em todos os municípios e meses; 534 vítimas registradas como sexo feminino e 8 sem essa marcação. A base é atualizada com envios atrasados dos estados, e os valores recentes mudam. Transformação em coleta/sinesp_feminicidio.py."
Feminicídios (registros policiais),Brasil,2016,809,vítimas,"MJSP, Sinesp VDE (registros das polícias estaduais)",https://www.gov.br/mj/pt-br/assuntos/sua-seguranca/seguranca-publica/estatistica/download/dnsp-base-de-dados/bancovde-2016.xlsx/@@download/file,jan–dez/2016,2016-01-01,2016-12-31,observado,2026-10-07,nao,"Soma de 'total_vitima' do evento 'Feminicídio' em todos os municípios e meses; 780 vítimas registradas como sexo feminino e 29 sem essa marcação. A base é atualizada com envios atrasados dos estados, e os valores recentes mudam. Transformação em coleta/sinesp_feminicidio.py."
Feminicídios (registros policiais),Brasil,2017,1048,vítimas,"MJSP, Sinesp VDE (registros das polícias estaduais)",https://www.gov.br/mj/pt-br/assuntos/sua-seguranca/seguranca-publica/estatistica/download/dnsp-base-de-dados/bancovde-2017.xlsx/@@download/file,jan–dez/2017,2017-01-01,2017-12-31,observado,2026-10-07,nao,"Soma de 'total_vitima' do evento 'Feminicídio' em todos os municípios e meses; 1025 vítimas registradas como sexo feminino e 23 sem essa marcação. A base é atualizada com envios atrasados dos estados, e os valores recentes mudam. Transformação em coleta/sinesp_feminicidio.py."
Feminicídios (registros policiais),Brasil,2018,1176,vítimas,"MJSP, Sinesp VDE (registros das polícias estaduais)",https://www.gov.br/mj/pt-br/assuntos/sua-seguranca/seguranca-publica/estatistica/download/dnsp-base-de-dados/bancovde-2018.xlsx/@@download/file,jan–dez/2018,2018-01-01,2018-12-31,observado,2026-10-07,nao,"Soma de 'total_vitima' do evento 'Feminicídio' em todos os municípios e meses; 1167 vítimas registradas como sexo feminino e 9 sem essa marcação. A base é atualizada com envios atrasados dos estados, e os valores recentes mudam. Transformação em coleta/sinesp_feminicidio.py."
Feminicídios (registros policiais),Brasil,2019,1331,vítimas,"MJSP, Sinesp VDE (registros das polícias estaduais)",https://www.gov.br/mj/pt-br/assuntos/sua-seguranca/seguranca-publica/estatistica/download/dnsp-base-de-dados/bancovde-2019.xlsx/@@download/file,jan–dez/2019,2019-01-01,2019-12-31,observado,2026-10-07,nao,"Soma de 'total_vitima' do evento 'Feminicídio' em todos os municípios e meses; 1322 vítimas registradas como sexo feminino e 9 sem essa marcação. A base é atualizada com envios atrasados dos estados, e os valores recentes mudam. Transformação em coleta/sinesp_feminicidio.py."
Feminicídios (registros policiais),Brasil,2020,1346,vítimas,"MJSP, Sinesp VDE (registros das polícias estaduais)",https://www.gov.br/mj/pt-br/assuntos/sua-seguranca/seguranca-publica/estatistica/download/dnsp-base-de-dados/bancovde-2020.xlsx/@@download/file,jan–dez/2020,2020-01-01,2020-12-31,observado,2026-10-07,nao,"Soma de 'total_vitima' do evento 'Feminicídio' em todos os municípios e meses; 1335 vítimas registradas como sexo feminino e 11 sem essa marcação. A base é atualizada com envios atrasados dos estados, e os valores recentes mudam. Transformação em coleta/sinesp_feminicidio.py."
Feminicídios (registros policiais),Brasil,2021,1366,vítimas,"MJSP, Sinesp VDE (registros das polícias estaduais)",https://www.gov.br/mj/pt-br/assuntos/sua-seguranca/seguranca-publica/estatistica/download/dnsp-base-de-dados/bancovde-2021.xlsx/@@download/file,jan–dez/2021,2021-01-01,2021-12-31,observado,2026-10-07,nao,"Soma de 'total_vitima' do evento 'Feminicídio' em todos os municípios e meses; 1358 vítimas registradas como sexo feminino e 8 sem essa marcação. A base é atualizada com envios atrasados dos estados, e os valores recentes mudam. Transformação em coleta/sinesp_feminicidio.py."
Feminicídios (registros policiais),Brasil,2022,1456,vítimas,"MJSP, Sinesp VDE (registros das polícias estaduais)",https://www.gov.br/mj/pt-br/assuntos/sua-seguranca/seguranca-publica/estatistica/download/dnsp-base-de-dados/bancovde-2022.xlsx/@@download/file,jan–dez/2022,2022-01-01,2022-12-31,observado,2026-10-07,nao,"Soma de 'total_vitima' do evento 'Feminicídio' em todos os municípios e meses; 1446 vítimas registradas como sexo feminino e 10 sem essa marcação. A base é atualizada com envios atrasados dos estados, e os valores recentes mudam. Transformação em coleta/sinesp_feminicidio.py."
Feminicídios (registros policiais),Brasil,2023,1478,vítimas,"MJSP, Sinesp VDE (registros das polícias estaduais)",https://www.gov.br/mj/pt-br/assuntos/sua-seguranca/seguranca-publica/estatistica/download/dnsp-base-de-dados/bancovde-2023.xlsx/@@download/file,jan–dez/2023,2023-01-01,2023-12-31,observado,2026-10-07,nao,"Soma de 'total_vitima' do evento 'Feminicídio' em todos os municípios e meses; 1468 vítimas registradas como sexo feminino e 10 sem essa marcação. A base é atualizada com envios atrasados dos estados, e os valores recentes mudam. Transformação em coleta/sinesp_feminicidio.py."
Feminicídios (registros policiais),Brasil,2024,1501,vítimas,"MJSP, Sinesp VDE (registros das polícias estaduais)",https://www.gov.br/mj/pt-br/assuntos/sua-seguranca/seguranca-publica/estatistica/download/dnsp-base-de-dados/bancovde-2024.xlsx/@@download/file,jan–dez/2024,2024-01-01,2024-12-31,observado,2026-10-07,nao,"Soma de 'total_vitima' do evento 'Feminicídio' em todos os municípios e meses; 1494 vítimas registradas como sexo feminino e 7 sem essa marcação. A base é atualizada com envios atrasados dos estados, e os valores recentes mudam. Transformação em coleta/sinesp_feminicidio.py."
Feminicídios (registros policiais),Brasil,2025,1578,vítimas,"MJSP, Sinesp VDE (registros das polícias estaduais)",https://www.gov.br/mj/pt-br/assuntos/sua-seguranca/seguranca-publica/estatistica/download/dnsp-base-de-dados/bancovde-2025.xlsx/@@download/file,jan–dez/2025,2025-01-01,2025-12-31,preliminar,2026-10-07,nao,"Soma de 'total_vitima' do evento 'Feminicídio' em todos os municípios e meses; 1566 vítimas registradas como sexo feminino e 12 sem essa marcação. A base é atualizada com envios atrasados dos estados, e os valores recentes mudam. Transformação em coleta/sinesp_feminicidio.py."
