arquivo,url,data_acesso,bytes,sha256
bancovde-2015_acesso-2026-10-07.xlsx,https://www.gov.br/mj/pt-br/assuntos/sua-seguranca/seguranca-publica/estatistica/download/dnsp-base-de-dados/bancovde-2015.xlsx/@@download/file,2026-10-07,25253535,3b3f14593822d4c666ae7d08166a287ad54614f3e23add0778667b647f8b4551
bancovde-2016_acesso-2026-10-07.xlsx,https://www.gov.br/mj/pt-br/assuntos/sua-seguranca/seguranca-publica/estatistica/download/dnsp-base-de-dados/bancovde-2016.xlsx/@@download/file,2026-10-07,26411209,beb010bf2c2c4b66d6ae826cd04590186918a40b87ede9ef2e9794eeee359d22
bancovde-2017_acesso-2026-10-07.xlsx,https://www.gov.br/mj/pt-br/assuntos/sua-seguranca/seguranca-publica/estatistica/download/dnsp-base-de-dados/bancovde-2017.xlsx/@@download/file,2026-10-07,24037641,ffb8e3d7fe2eb2e1adfed051980d4bbb19923238bb2652f0ebe208d152272980
bancovde-2018_acesso-2026-10-07.xlsx,https://www.gov.br/mj/pt-br/assuntos/sua-seguranca/seguranca-publica/estatistica/download/dnsp-base-de-dados/bancovde-2018.xlsx/@@download/file,2026-10-07,24134188,237448af04eec7454d6c5f3c07647fc4518c0ab4fd538fb552a57cb7b5254d47
bancovde-2019_acesso-2026-10-07.xlsx,https://www.gov.br/mj/pt-br/assuntos/sua-seguranca/seguranca-publica/estatistica/download/dnsp-base-de-dados/bancovde-2019.xlsx/@@download/file,2026-10-07,24230875,01d5cefb6459dadd08824e14353bba203f53c2f94e942b8b2836594b13c49bb2
bancovde-2020_acesso-2026-10-07.xlsx,https://www.gov.br/mj/pt-br/assuntos/sua-seguranca/seguranca-publica/estatistica/download/dnsp-base-de-dados/bancovde-2020.xlsx/@@download/file,2026-10-07,24285295,7648a93a473d366f66940735190c5d89be24e3cdaa705c088975332b6cb8d39f
bancovde-2021_acesso-2026-10-07.xlsx,https://www.gov.br/mj/pt-br/assuntos/sua-seguranca/seguranca-publica/estatistica/download/dnsp-base-de-dados/bancovde-2021.xlsx/@@download/file,2026-10-07,24343073,babdbbbc71c427e32ebad2255657182f79d4de5525adfcbcac332e3f2f7dcd9d
bancovde-2022_acesso-2026-10-07.xlsx,https://www.gov.br/mj/pt-br/assuntos/sua-seguranca/seguranca-publica/estatistica/download/dnsp-base-de-dados/bancovde-2022.xlsx/@@download/file,2026-10-07,24358662,f5561304e9569bc9f5ba573598812feaea15dfd06cf9501e5677cd8db923ab3e
bancovde-2023_acesso-2026-10-07.xlsx,https://www.gov.br/mj/pt-br/assuntos/sua-seguranca/seguranca-publica/estatistica/download/dnsp-base-de-dados/bancovde-2023.xlsx/@@download/file,2026-10-07,24375927,33baf9e4d2ad10520b68e585c55effba096231bf5924eed8d62fd59c671262de
bancovde-2024_acesso-2026-10-07.xlsx,https://www.gov.br/mj/pt-br/assuntos/sua-seguranca/seguranca-publica/estatistica/download/dnsp-base-de-dados/bancovde-2024.xlsx/@@download/file,2026-10-07,24388231,87deaea4473cfede9de9333e4cd9f1bc365b1ada183012f2364054c28ac563d5
bancovde-2025_acesso-2026-10-07.xlsx,https://www.gov.br/mj/pt-br/assuntos/sua-seguranca/seguranca-publica/estatistica/download/dnsp-base-de-dados/bancovde-2025.xlsx/@@download/file,2026-10-07,26643031,d8fd9d8f7fa1577c434f617431c6ef3199dcc083bc28f64e7f4b53eaafe2132f
bancovde-2026_acesso-2026-10-07.xlsx,https://www.gov.br/mj/pt-br/assuntos/sua-seguranca/seguranca-publica/estatistica/download/dnsp-base-de-dados/bancovde-2026.xlsx/@@download/file,2026-10-07,18023581,ce075722dcde0331c2d6a9d5bee82bf25ba7dd9336f835d79daee0068b0e1fed
